18-Sep-2025 16:03:53.509 SEVERE [main] org.apache.catalina.startup.Catalina.stopServer No shutdown port configured. Shut down server through OS signal. Server not shut down.
18-Sep-2025 16:03:54.608 INFO [main] org.apache.catalina.startup.VersionLoggerListener.log Server version name:   Apache Tomcat/10.1.46
18-Sep-2025 16:03:54.611 INFO [main] org.apache.catalina.startup.VersionLoggerListener.log Server built:          Sep 8 2025 14:26:21 UTC
18-Sep-2025 16:03:54.611 INFO [main] org.apache.catalina.startup.VersionLoggerListener.log Server version number: 10.1.46.0
18-Sep-2025 16:03:54.611 INFO [main] org.apache.catalina.startup.VersionLoggerListener.log OS Name:               Windows 10
18-Sep-2025 16:03:54.611 INFO [main] org.apache.catalina.startup.VersionLoggerListener.log OS Version:            10.0
18-Sep-2025 16:03:54.611 INFO [main] org.apache.catalina.startup.VersionLoggerListener.log Architecture:          amd64
18-Sep-2025 16:03:54.611 INFO [main] org.apache.catalina.startup.VersionLoggerListener.log Java Home:             D:\Java\jdk-23.0.1
18-Sep-2025 16:03:54.611 INFO [main] org.apache.catalina.startup.VersionLoggerListener.log JVM Version:           23.0.1+11-39
18-Sep-2025 16:03:54.611 INFO [main] org.apache.catalina.startup.VersionLoggerListener.log JVM Vendor:            Oracle Corporation
18-Sep-2025 16:03:54.611 INFO [main] org.apache.catalina.startup.VersionLoggerListener.log CATALINA_BASE:         D:\Java\tomcat
18-Sep-2025 16:03:54.611 INFO [main] org.apache.catalina.startup.VersionLoggerListener.log CATALINA_HOME:         D:\Java\tomcat
18-Sep-2025 16:03:54.622 INFO [main] org.apache.catalina.startup.VersionLoggerListener.log Command line argument: -Djava.util.logging.config.file=D:\Java\tomcat\conf\logging.properties
18-Sep-2025 16:03:54.622 INFO [main] org.apache.catalina.startup.VersionLoggerListener.log Command line argument: -Djava.util.logging.manager=org.apache.juli.ClassLoaderLogManager
18-Sep-2025 16:03:54.622 INFO [main] org.apache.catalina.startup.VersionLoggerListener.log Command line argument: -Djdk.tls.ephemeralDHKeySize=2048
18-Sep-2025 16:03:54.622 INFO [main] org.apache.catalina.startup.VersionLoggerListener.log Command line argument: -Djava.protocol.handler.pkgs=org.apache.catalina.webresources
18-Sep-2025 16:03:54.622 INFO [main] org.apache.catalina.startup.VersionLoggerListener.log Command line argument: -Dsun.io.useCanonCaches=false
18-Sep-2025 16:03:54.623 INFO [main] org.apache.catalina.startup.VersionLoggerListener.log Command line argument: --add-opens=java.base/java.lang=ALL-UNNAMED
18-Sep-2025 16:03:54.623 INFO [main] org.apache.catalina.startup.VersionLoggerListener.log Command line argument: --add-opens=java.base/java.lang.reflect=ALL-UNNAMED
18-Sep-2025 16:03:54.623 INFO [main] org.apache.catalina.startup.VersionLoggerListener.log Command line argument: --add-opens=java.base/java.io=ALL-UNNAMED
18-Sep-2025 16:03:54.623 INFO [main] org.apache.catalina.startup.VersionLoggerListener.log Command line argument: --add-opens=java.base/java.util=ALL-UNNAMED
18-Sep-2025 16:03:54.623 INFO [main] org.apache.catalina.startup.VersionLoggerListener.log Command line argument: --add-opens=java.base/java.util.concurrent=ALL-UNNAMED
18-Sep-2025 16:03:54.623 INFO [main] org.apache.catalina.startup.VersionLoggerListener.log Command line argument: --add-opens=java.rmi/sun.rmi.transport=ALL-UNNAMED
18-Sep-2025 16:03:54.623 INFO [main] org.apache.catalina.startup.VersionLoggerListener.log Command line argument: -Dcatalina.base=D:\Java\tomcat
18-Sep-2025 16:03:54.623 INFO [main] org.apache.catalina.startup.VersionLoggerListener.log Command line argument: -Dcatalina.home=D:\Java\tomcat
18-Sep-2025 16:03:54.623 INFO [main] org.apache.catalina.startup.VersionLoggerListener.log Command line argument: -Djava.io.tmpdir=D:\Java\tomcat\temp
18-Sep-2025 16:03:54.628 INFO [main] org.apache.catalina.core.AprLifecycleListener.lifecycleEvent The Apache Tomcat Native library which allows using OpenSSL was not found on the java.library.path: [D:\Java\jdk-23.0.1\bin;C:\Windows\Sun\Java\bin;C:\Windows\system32;C:\Windows;C:\Program Files (x86)\Common Files\Oracle\Java\java8path;C:\Program Files (x86)\Common Files\Oracle\Java\javapath;D:\Java\jdk-23.0.1\bin;C:\Program Files\Java\jdk-22\bin;D:\Network\dbhomeXE\bin;C:\Windows\system32;C:\Windows;C:\Windows\System32\Wbem;C:\Windows\System32\WindowsPowerShell\v1.0\;C:\Windows\System32\OpenSSH\;C:\Program Files\dotnet\;C:\Program Files\Git\cmd;D:\mingw64\bin;C:\Users\Ashraf Mahmud\AppData\Local\Programs\Python\Python311;C:\Windows\Microsoft.NET\Framework64\v4.0.30319;C:\Program Files\Microsoft SQL Server\150\Tools\Binn\;C:\Program Files\Microsoft SQL Server\Client SDK\ODBC\170\Tools\Binn\;C:\Program Files\MySQL\MySQL Server 8.0\bin;C:\Program Files\CodeBlocks\MinGW\bin;D:\php;C:\ProgramData\ComposerSetup\bin;D:\Sqlite3;D:\WezTerm;D:\Java\javafx-sdk-23.0.1\lib;D:\CodeEditor\python;D:\CodeEditor\python\condabin;D:\CodeEditor\python\Scripts;D:\Program\apache-maven-3.9.10-bin\apache-maven-3.9.10\bin;;C:\Program Files\Docker\Docker\resources\bin;d:\CodeEditor\cursor\resources\app\bin;C:\ProgramData\chocolatey\bin;C:\Program Files\nodejs\;C:\Users\Ashraf Mahmud\.console-ninja\.bin;C:\Users\Ashraf Mahmud\AppData\Local\Programs\Python\Python313\Scripts\;C:\Users\Ashraf Mahmud\AppData\Local\Programs\Python\Python313\;C:\Users\Ashraf Mahmud\.cargo\bin;C:\Users\Ashraf Mahmud\scoop\shims;C:\Program Files\MySQL\MySQL Shell 8.0\bin\;C:\Users\Ashraf Mahmud\AppData\Local\Programs\Microsoft VS Code\bin;C:\Users\Ashraf Mahmud\AppData\Local\GitHubDesktop\bin;C:\Users\Ashraf Mahmud\AppData\Local\Programs\Python\Python311;C:\Users\Ashraf Mahmud\.dotnet\tools;D:\mingw64\bin;C:\Users\Ashraf Mahmud\.dotnet\tools;G:\Software\IntelliJ IDEA Community Edition 2023.2.2\bin;;C:\Program Files\CodeBlocks\MinGW\bin;G:\Software\PhpStorm 2023.2.2\bin;;D:\xampp\php;C:\Users\Ashraf Mahmud\AppData\Roaming\Composer\vendor\bin;D:\bin;C:\Users\Ashraf Mahmud\AppData\Local\Programs\oh-my-posh\bin;C:\Users\Ashraf Mahmud\bin;D:\CodeEditor\PyCharm Community Edition 2024.3.5\bin;D:\CodeEditor\cursor\resources\app\bin;C:\Users\Ashraf Mahmud\AppData\Roaming\npm;D:\Network;C:\Users\Ashraf Mahmud\.console-ninja\.bin;c:\Users\Ashraf Mahmud\AppData\Roaming\Code\User\globalStorage\github.copilot-chat\debugCommand;.]
18-Sep-2025 16:03:54.948 INFO [main] org.apache.coyote.AbstractProtocol.init Initializing ProtocolHandler ["http-nio-8080"]
18-Sep-2025 16:03:54.998 INFO [main] org.apache.catalina.startup.Catalina.load Server initialization in [547] milliseconds
18-Sep-2025 16:03:55.058 INFO [main] org.apache.catalina.core.StandardService.startInternal Starting service [Catalina]
18-Sep-2025 16:03:55.058 INFO [main] org.apache.catalina.core.StandardEngine.startInternal Starting Servlet engine: [Apache Tomcat/10.1.46]
18-Sep-2025 16:03:55.067 INFO [main] org.apache.catalina.startup.HostConfig.deployDirectory Deploying web application directory [D:\Java\tomcat\webapps\dbms-project]
18-Sep-2025 16:03:55.418 INFO [main] org.apache.catalina.startup.HostConfig.deployDirectory Deployment of web application directory [D:\Java\tomcat\webapps\dbms-project] has finished in [351] ms
18-Sep-2025 16:03:55.418 INFO [main] org.apache.catalina.startup.HostConfig.deployDirectory Deploying web application directory [D:\Java\tomcat\webapps\docs]
18-Sep-2025 16:03:55.469 INFO [main] org.apache.catalina.startup.HostConfig.deployDirectory Deployment of web application directory [D:\Java\tomcat\webapps\docs] has finished in [50] ms
18-Sep-2025 16:03:55.469 INFO [main] org.apache.catalina.startup.HostConfig.deployDirectory Deploying web application directory [D:\Java\tomcat\webapps\manager]
18-Sep-2025 16:03:55.538 INFO [main] org.apache.catalina.startup.HostConfig.deployDirectory Deployment of web application directory [D:\Java\tomcat\webapps\manager] has finished in [69] ms
18-Sep-2025 16:03:55.538 INFO [main] org.apache.catalina.startup.HostConfig.deployDirectory Deploying web application directory [D:\Java\tomcat\webapps\ROOT]
18-Sep-2025 16:03:55.567 INFO [main] org.apache.catalina.startup.HostConfig.deployDirectory Deployment of web application directory [D:\Java\tomcat\webapps\ROOT] has finished in [29] ms
18-Sep-2025 16:03:55.571 INFO [main] org.apache.coyote.AbstractProtocol.start Starting ProtocolHandler ["http-nio-8080"]
18-Sep-2025 16:03:55.603 INFO [main] org.apache.catalina.startup.Catalina.start Server startup in [602] milliseconds
18-Sep-2025 16:29:52.803 SEVERE [main] org.apache.catalina.startup.Catalina.stopServer No shutdown port configured. Shut down server through OS signal. Server not shut down.
18-Sep-2025 16:29:53.572 INFO [main] org.apache.catalina.startup.VersionLoggerListener.log Server version name:   Apache Tomcat/10.1.46
18-Sep-2025 16:29:53.572 INFO [main] org.apache.catalina.startup.VersionLoggerListener.log Server built:          Sep 8 2025 14:26:21 UTC
18-Sep-2025 16:29:53.572 INFO [main] org.apache.catalina.startup.VersionLoggerListener.log Server version number: 10.1.46.0
18-Sep-2025 16:29:53.572 INFO [main] org.apache.catalina.startup.VersionLoggerListener.log OS Name:               Windows 10
18-Sep-2025 16:29:53.572 INFO [main] org.apache.catalina.startup.VersionLoggerListener.log OS Version:            10.0
18-Sep-2025 16:29:53.572 INFO [main] org.apache.catalina.startup.VersionLoggerListener.log Architecture:          amd64
18-Sep-2025 16:29:53.572 INFO [main] org.apache.catalina.startup.VersionLoggerListener.log Java Home:             D:\Java\jdk-23.0.1
18-Sep-2025 16:29:53.572 INFO [main] org.apache.catalina.startup.VersionLoggerListener.log JVM Version:           23.0.1+11-39
18-Sep-2025 16:29:53.572 INFO [main] org.apache.catalina.startup.VersionLoggerListener.log JVM Vendor:            Oracle Corporation
18-Sep-2025 16:29:53.572 INFO [main] org.apache.catalina.startup.VersionLoggerListener.log CATALINA_BASE:         D:\Java\tomcat
18-Sep-2025 16:29:53.572 INFO [main] org.apache.catalina.startup.VersionLoggerListener.log CATALINA_HOME:         D:\Java\tomcat
18-Sep-2025 16:29:53.589 INFO [main] org.apache.catalina.startup.VersionLoggerListener.log Command line argument: -Djava.util.logging.config.file=D:\Java\tomcat\conf\logging.properties
18-Sep-2025 16:29:53.589 INFO [main] org.apache.catalina.startup.VersionLoggerListener.log Command line argument: -Djava.util.logging.manager=org.apache.juli.ClassLoaderLogManager
18-Sep-2025 16:29:53.589 INFO [main] org.apache.catalina.startup.VersionLoggerListener.log Command line argument: -Djdk.tls.ephemeralDHKeySize=2048
18-Sep-2025 16:29:53.589 INFO [main] org.apache.catalina.startup.VersionLoggerListener.log Command line argument: -Djava.protocol.handler.pkgs=org.apache.catalina.webresources
18-Sep-2025 16:29:53.589 INFO [main] org.apache.catalina.startup.VersionLoggerListener.log Command line argument: -Dsun.io.useCanonCaches=false
18-Sep-2025 16:29:53.589 INFO [main] org.apache.catalina.startup.VersionLoggerListener.log Command line argument: --add-opens=java.base/java.lang=ALL-UNNAMED
18-Sep-2025 16:29:53.589 INFO [main] org.apache.catalina.startup.VersionLoggerListener.log Command line argument: --add-opens=java.base/java.lang.reflect=ALL-UNNAMED
18-Sep-2025 16:29:53.589 INFO [main] org.apache.catalina.startup.VersionLoggerListener.log Command line argument: --add-opens=java.base/java.io=ALL-UNNAMED
18-Sep-2025 16:29:53.589 INFO [main] org.apache.catalina.startup.VersionLoggerListener.log Command line argument: --add-opens=java.base/java.util=ALL-UNNAMED
18-Sep-2025 16:29:53.589 INFO [main] org.apache.catalina.startup.VersionLoggerListener.log Command line argument: --add-opens=java.base/java.util.concurrent=ALL-UNNAMED
18-Sep-2025 16:29:53.589 INFO [main] org.apache.catalina.startup.VersionLoggerListener.log Command line argument: --add-opens=java.rmi/sun.rmi.transport=ALL-UNNAMED
18-Sep-2025 16:29:53.589 INFO [main] org.apache.catalina.startup.VersionLoggerListener.log Command line argument: -Dcatalina.base=D:\Java\tomcat
18-Sep-2025 16:29:53.589 INFO [main] org.apache.catalina.startup.VersionLoggerListener.log Command line argument: -Dcatalina.home=D:\Java\tomcat
18-Sep-2025 16:29:53.589 INFO [main] org.apache.catalina.startup.VersionLoggerListener.log Command line argument: -Djava.io.tmpdir=D:\Java\tomcat\temp
18-Sep-2025 16:29:53.605 INFO [main] org.apache.catalina.core.AprLifecycleListener.lifecycleEvent The Apache Tomcat Native library which allows using OpenSSL was not found on the java.library.path: [D:\Java\jdk-23.0.1\bin;C:\Windows\Sun\Java\bin;C:\Windows\system32;C:\Windows;C:\Program Files (x86)\Common Files\Oracle\Java\java8path;C:\Program Files (x86)\Common Files\Oracle\Java\javapath;D:\Java\jdk-23.0.1\bin;C:\Program Files\Java\jdk-22\bin;D:\Network\dbhomeXE\bin;C:\Windows\system32;C:\Windows;C:\Windows\System32\Wbem;C:\Windows\System32\WindowsPowerShell\v1.0\;C:\Windows\System32\OpenSSH\;C:\Program Files\dotnet\;C:\Program Files\Git\cmd;D:\mingw64\bin;C:\Users\Ashraf Mahmud\AppData\Local\Programs\Python\Python311;C:\Windows\Microsoft.NET\Framework64\v4.0.30319;C:\Program Files\Microsoft SQL Server\150\Tools\Binn\;C:\Program Files\Microsoft SQL Server\Client SDK\ODBC\170\Tools\Binn\;C:\Program Files\MySQL\MySQL Server 8.0\bin;C:\Program Files\CodeBlocks\MinGW\bin;D:\php;C:\ProgramData\ComposerSetup\bin;D:\Sqlite3;D:\WezTerm;D:\Java\javafx-sdk-23.0.1\lib;D:\CodeEditor\python;D:\CodeEditor\python\condabin;D:\CodeEditor\python\Scripts;D:\Program\apache-maven-3.9.10-bin\apache-maven-3.9.10\bin;;C:\Program Files\Docker\Docker\resources\bin;d:\CodeEditor\cursor\resources\app\bin;C:\ProgramData\chocolatey\bin;C:\Program Files\nodejs\;C:\Users\Ashraf Mahmud\.console-ninja\.bin;C:\Users\Ashraf Mahmud\AppData\Local\Programs\Python\Python313\Scripts\;C:\Users\Ashraf Mahmud\AppData\Local\Programs\Python\Python313\;C:\Users\Ashraf Mahmud\.cargo\bin;C:\Users\Ashraf Mahmud\scoop\shims;C:\Program Files\MySQL\MySQL Shell 8.0\bin\;C:\Users\Ashraf Mahmud\AppData\Local\Programs\Microsoft VS Code\bin;C:\Users\Ashraf Mahmud\AppData\Local\GitHubDesktop\bin;C:\Users\Ashraf Mahmud\AppData\Local\Programs\Python\Python311;C:\Users\Ashraf Mahmud\.dotnet\tools;D:\mingw64\bin;C:\Users\Ashraf Mahmud\.dotnet\tools;G:\Software\IntelliJ IDEA Community Edition 2023.2.2\bin;;C:\Program Files\CodeBlocks\MinGW\bin;G:\Software\PhpStorm 2023.2.2\bin;;D:\xampp\php;C:\Users\Ashraf Mahmud\AppData\Roaming\Composer\vendor\bin;D:\bin;C:\Users\Ashraf Mahmud\AppData\Local\Programs\oh-my-posh\bin;C:\Users\Ashraf Mahmud\bin;D:\CodeEditor\PyCharm Community Edition 2024.3.5\bin;D:\CodeEditor\cursor\resources\app\bin;C:\Users\Ashraf Mahmud\AppData\Roaming\npm;D:\Network;C:\Users\Ashraf Mahmud\.console-ninja\.bin;c:\Users\Ashraf Mahmud\AppData\Roaming\Code\User\globalStorage\github.copilot-chat\debugCommand;.]
18-Sep-2025 16:29:53.856 INFO [main] org.apache.coyote.AbstractProtocol.init Initializing ProtocolHandler ["http-nio-8080"]
18-Sep-2025 16:29:53.872 SEVERE [main] org.apache.catalina.util.LifecycleBase.handleSubClassException Failed to initialize component [Connector["http-nio-8080"]]
	org.apache.catalina.LifecycleException: Protocol handler initialization failed
		at org.apache.catalina.connector.Connector.initInternal(Connector.java:1075)
		at org.apache.catalina.util.LifecycleBase.init(LifecycleBase.java:122)
		at org.apache.catalina.core.StandardService.initInternal(StandardService.java:522)
		at org.apache.catalina.util.LifecycleBase.init(LifecycleBase.java:122)
		at org.apache.catalina.core.StandardServer.initInternal(StandardServer.java:957)
		at org.apache.catalina.util.LifecycleBase.init(LifecycleBase.java:122)
		at org.apache.catalina.startup.Catalina.load(Catalina.java:712)
		at org.apache.catalina.startup.Catalina.load(Catalina.java:735)
		at java.base/jdk.internal.reflect.DirectMethodHandleAccessor.invoke(DirectMethodHandleAccessor.java:103)
		at java.base/java.lang.reflect.Method.invoke(Method.java:580)
		at org.apache.catalina.startup.Bootstrap.load(Bootstrap.java:302)
		at org.apache.catalina.startup.Bootstrap.main(Bootstrap.java:475)
	Caused by: java.net.BindException: Address already in use: bind
		at java.base/sun.nio.ch.Net.bind0(Native Method)
		at java.base/sun.nio.ch.Net.bind(Net.java:565)
		at java.base/sun.nio.ch.ServerSocketChannelImpl.netBind(ServerSocketChannelImpl.java:344)
		at java.base/sun.nio.ch.ServerSocketChannelImpl.bind(ServerSocketChannelImpl.java:301)
		at org.apache.tomcat.util.net.NioEndpoint.initServerSocket(NioEndpoint.java:266)
		at org.apache.tomcat.util.net.NioEndpoint.bind(NioEndpoint.java:221)
		at org.apache.tomcat.util.net.AbstractEndpoint.bindWithCleanup(AbstractEndpoint.java:1401)
		at org.apache.tomcat.util.net.AbstractEndpoint.init(AbstractEndpoint.java:1414)
		at org.apache.coyote.AbstractProtocol.init(AbstractProtocol.java:633)
		at org.apache.coyote.http11.AbstractHttp11Protocol.init(AbstractHttp11Protocol.java:82)
		at org.apache.catalina.connector.Connector.initInternal(Connector.java:1073)
		... 11 more
18-Sep-2025 16:29:53.873 INFO [main] org.apache.catalina.startup.Catalina.load Server initialization in [421] milliseconds
18-Sep-2025 16:29:53.906 INFO [main] org.apache.catalina.core.StandardService.startInternal Starting service [Catalina]
18-Sep-2025 16:29:53.906 INFO [main] org.apache.catalina.core.StandardEngine.startInternal Starting Servlet engine: [Apache Tomcat/10.1.46]
18-Sep-2025 16:29:53.906 INFO [main] org.apache.catalina.startup.HostConfig.deployDirectory Deploying web application directory [D:\Java\tomcat\webapps\dbms-project]
18-Sep-2025 16:29:54.367 INFO [main] org.apache.jasper.servlet.TldScanner.scanJars At least one JAR was scanned for TLDs yet contained no TLDs. Enable debug logging for this logger for a complete list of JARs that were scanned but no TLDs were found in them. Skipping unneeded JARs during scanning can improve startup time and JSP compilation time.
18-Sep-2025 16:29:54.411 INFO [main] org.apache.catalina.startup.HostConfig.deployDirectory Deployment of web application directory [D:\Java\tomcat\webapps\dbms-project] has finished in [505] ms
18-Sep-2025 16:29:54.412 INFO [main] org.apache.catalina.startup.HostConfig.deployDirectory Deploying web application directory [D:\Java\tomcat\webapps\docs]
18-Sep-2025 16:29:54.439 INFO [main] org.apache.catalina.startup.HostConfig.deployDirectory Deployment of web application directory [D:\Java\tomcat\webapps\docs] has finished in [27] ms
18-Sep-2025 16:29:54.439 INFO [main] org.apache.catalina.startup.HostConfig.deployDirectory Deploying web application directory [D:\Java\tomcat\webapps\manager]
18-Sep-2025 16:29:54.476 INFO [main] org.apache.catalina.startup.HostConfig.deployDirectory Deployment of web application directory [D:\Java\tomcat\webapps\manager] has finished in [37] ms
18-Sep-2025 16:29:54.477 INFO [main] org.apache.catalina.startup.HostConfig.deployDirectory Deploying web application directory [D:\Java\tomcat\webapps\ROOT]
18-Sep-2025 16:29:54.495 INFO [main] org.apache.catalina.startup.HostConfig.deployDirectory Deployment of web application directory [D:\Java\tomcat\webapps\ROOT] has finished in [19] ms
18-Sep-2025 16:29:54.498 INFO [main] org.apache.catalina.startup.Catalina.start Server startup in [624] milliseconds
18-Sep-2025 16:35:40.017 SEVERE [main] org.apache.catalina.startup.Catalina.stopServer No shutdown port configured. Shut down server through OS signal. Server not shut down.
18-Sep-2025 16:35:40.769 INFO [main] org.apache.catalina.startup.VersionLoggerListener.log Server version name:   Apache Tomcat/10.1.46
18-Sep-2025 16:35:40.769 INFO [main] org.apache.catalina.startup.VersionLoggerListener.log Server built:          Sep 8 2025 14:26:21 UTC
18-Sep-2025 16:35:40.769 INFO [main] org.apache.catalina.startup.VersionLoggerListener.log Server version number: 10.1.46.0
18-Sep-2025 16:35:40.769 INFO [main] org.apache.catalina.startup.VersionLoggerListener.log OS Name:               Windows 10
18-Sep-2025 16:35:40.769 INFO [main] org.apache.catalina.startup.VersionLoggerListener.log OS Version:            10.0
18-Sep-2025 16:35:40.769 INFO [main] org.apache.catalina.startup.VersionLoggerListener.log Architecture:          amd64
18-Sep-2025 16:35:40.769 INFO [main] org.apache.catalina.startup.VersionLoggerListener.log Java Home:             D:\Java\jdk-23.0.1
18-Sep-2025 16:35:40.769 INFO [main] org.apache.catalina.startup.VersionLoggerListener.log JVM Version:           23.0.1+11-39
18-Sep-2025 16:35:40.769 INFO [main] org.apache.catalina.startup.VersionLoggerListener.log JVM Vendor:            Oracle Corporation
18-Sep-2025 16:35:40.769 INFO [main] org.apache.catalina.startup.VersionLoggerListener.log CATALINA_BASE:         D:\Java\tomcat
18-Sep-2025 16:35:40.769 INFO [main] org.apache.catalina.startup.VersionLoggerListener.log CATALINA_HOME:         D:\Java\tomcat
18-Sep-2025 16:35:40.784 INFO [main] org.apache.catalina.startup.VersionLoggerListener.log Command line argument: -Djava.util.logging.config.file=D:\Java\tomcat\conf\logging.properties
18-Sep-2025 16:35:40.784 INFO [main] org.apache.catalina.startup.VersionLoggerListener.log Command line argument: -Djava.util.logging.manager=org.apache.juli.ClassLoaderLogManager
18-Sep-2025 16:35:40.784 INFO [main] org.apache.catalina.startup.VersionLoggerListener.log Command line argument: -Djdk.tls.ephemeralDHKeySize=2048
18-Sep-2025 16:35:40.784 INFO [main] org.apache.catalina.startup.VersionLoggerListener.log Command line argument: -Djava.protocol.handler.pkgs=org.apache.catalina.webresources
18-Sep-2025 16:35:40.784 INFO [main] org.apache.catalina.startup.VersionLoggerListener.log Command line argument: -Dsun.io.useCanonCaches=false
18-Sep-2025 16:35:40.784 INFO [main] org.apache.catalina.startup.VersionLoggerListener.log Command line argument: --add-opens=java.base/java.lang=ALL-UNNAMED
18-Sep-2025 16:35:40.784 INFO [main] org.apache.catalina.startup.VersionLoggerListener.log Command line argument: --add-opens=java.base/java.lang.reflect=ALL-UNNAMED
18-Sep-2025 16:35:40.784 INFO [main] org.apache.catalina.startup.VersionLoggerListener.log Command line argument: --add-opens=java.base/java.io=ALL-UNNAMED
18-Sep-2025 16:35:40.784 INFO [main] org.apache.catalina.startup.VersionLoggerListener.log Command line argument: --add-opens=java.base/java.util=ALL-UNNAMED
18-Sep-2025 16:35:40.784 INFO [main] org.apache.catalina.startup.VersionLoggerListener.log Command line argument: --add-opens=java.base/java.util.concurrent=ALL-UNNAMED
18-Sep-2025 16:35:40.784 INFO [main] org.apache.catalina.startup.VersionLoggerListener.log Command line argument: --add-opens=java.rmi/sun.rmi.transport=ALL-UNNAMED
18-Sep-2025 16:35:40.784 INFO [main] org.apache.catalina.startup.VersionLoggerListener.log Command line argument: -Dcatalina.base=D:\Java\tomcat
18-Sep-2025 16:35:40.784 INFO [main] org.apache.catalina.startup.VersionLoggerListener.log Command line argument: -Dcatalina.home=D:\Java\tomcat
18-Sep-2025 16:35:40.784 INFO [main] org.apache.catalina.startup.VersionLoggerListener.log Command line argument: -Djava.io.tmpdir=D:\Java\tomcat\temp
18-Sep-2025 16:35:40.789 INFO [main] org.apache.catalina.core.AprLifecycleListener.lifecycleEvent The Apache Tomcat Native library which allows using OpenSSL was not found on the java.library.path: [D:\Java\jdk-23.0.1\bin;C:\Windows\Sun\Java\bin;C:\Windows\system32;C:\Windows;C:\Program Files (x86)\Common Files\Oracle\Java\java8path;C:\Program Files (x86)\Common Files\Oracle\Java\javapath;D:\Java\jdk-23.0.1\bin;C:\Program Files\Java\jdk-22\bin;D:\Network\dbhomeXE\bin;C:\Windows\system32;C:\Windows;C:\Windows\System32\Wbem;C:\Windows\System32\WindowsPowerShell\v1.0\;C:\Windows\System32\OpenSSH\;C:\Program Files\dotnet\;C:\Program Files\Git\cmd;D:\mingw64\bin;C:\Users\Ashraf Mahmud\AppData\Local\Programs\Python\Python311;C:\Windows\Microsoft.NET\Framework64\v4.0.30319;C:\Program Files\Microsoft SQL Server\150\Tools\Binn\;C:\Program Files\Microsoft SQL Server\Client SDK\ODBC\170\Tools\Binn\;C:\Program Files\MySQL\MySQL Server 8.0\bin;C:\Program Files\CodeBlocks\MinGW\bin;D:\php;C:\ProgramData\ComposerSetup\bin;D:\Sqlite3;D:\WezTerm;D:\Java\javafx-sdk-23.0.1\lib;D:\CodeEditor\python;D:\CodeEditor\python\condabin;D:\CodeEditor\python\Scripts;D:\Program\apache-maven-3.9.10-bin\apache-maven-3.9.10\bin;;C:\Program Files\Docker\Docker\resources\bin;d:\CodeEditor\cursor\resources\app\bin;C:\ProgramData\chocolatey\bin;C:\Program Files\nodejs\;C:\Users\Ashraf Mahmud\.console-ninja\.bin;C:\Users\Ashraf Mahmud\AppData\Local\Programs\Python\Python313\Scripts\;C:\Users\Ashraf Mahmud\AppData\Local\Programs\Python\Python313\;C:\Users\Ashraf Mahmud\.cargo\bin;C:\Users\Ashraf Mahmud\scoop\shims;C:\Program Files\MySQL\MySQL Shell 8.0\bin\;C:\Users\Ashraf Mahmud\AppData\Local\Programs\Microsoft VS Code\bin;C:\Users\Ashraf Mahmud\AppData\Local\GitHubDesktop\bin;C:\Users\Ashraf Mahmud\AppData\Local\Programs\Python\Python311;C:\Users\Ashraf Mahmud\.dotnet\tools;D:\mingw64\bin;C:\Users\Ashraf Mahmud\.dotnet\tools;G:\Software\IntelliJ IDEA Community Edition 2023.2.2\bin;;C:\Program Files\CodeBlocks\MinGW\bin;G:\Software\PhpStorm 2023.2.2\bin;;D:\xampp\php;C:\Users\Ashraf Mahmud\AppData\Roaming\Composer\vendor\bin;D:\bin;C:\Users\Ashraf Mahmud\AppData\Local\Programs\oh-my-posh\bin;C:\Users\Ashraf Mahmud\bin;D:\CodeEditor\PyCharm Community Edition 2024.3.5\bin;D:\CodeEditor\cursor\resources\app\bin;C:\Users\Ashraf Mahmud\AppData\Roaming\npm;D:\Network;C:\Users\Ashraf Mahmud\.console-ninja\.bin;c:\Users\Ashraf Mahmud\AppData\Roaming\Code\User\globalStorage\github.copilot-chat\debugCommand;.]
18-Sep-2025 16:35:41.034 INFO [main] org.apache.coyote.AbstractProtocol.init Initializing ProtocolHandler ["http-nio-8080"]
18-Sep-2025 16:35:41.038 SEVERE [main] org.apache.catalina.util.LifecycleBase.handleSubClassException Failed to initialize component [Connector["http-nio-8080"]]
	org.apache.catalina.LifecycleException: Protocol handler initialization failed
		at org.apache.catalina.connector.Connector.initInternal(Connector.java:1075)
		at org.apache.catalina.util.LifecycleBase.init(LifecycleBase.java:122)
		at org.apache.catalina.core.StandardService.initInternal(StandardService.java:522)
		at org.apache.catalina.util.LifecycleBase.init(LifecycleBase.java:122)
		at org.apache.catalina.core.StandardServer.initInternal(StandardServer.java:957)
		at org.apache.catalina.util.LifecycleBase.init(LifecycleBase.java:122)
		at org.apache.catalina.startup.Catalina.load(Catalina.java:712)
		at org.apache.catalina.startup.Catalina.load(Catalina.java:735)
		at java.base/jdk.internal.reflect.DirectMethodHandleAccessor.invoke(DirectMethodHandleAccessor.java:103)
		at java.base/java.lang.reflect.Method.invoke(Method.java:580)
		at org.apache.catalina.startup.Bootstrap.load(Bootstrap.java:302)
		at org.apache.catalina.startup.Bootstrap.main(Bootstrap.java:475)
	Caused by: java.net.BindException: Address already in use: bind
		at java.base/sun.nio.ch.Net.bind0(Native Method)
		at java.base/sun.nio.ch.Net.bind(Net.java:565)
		at java.base/sun.nio.ch.ServerSocketChannelImpl.netBind(ServerSocketChannelImpl.java:344)
		at java.base/sun.nio.ch.ServerSocketChannelImpl.bind(ServerSocketChannelImpl.java:301)
		at org.apache.tomcat.util.net.NioEndpoint.initServerSocket(NioEndpoint.java:266)
		at org.apache.tomcat.util.net.NioEndpoint.bind(NioEndpoint.java:221)
		at org.apache.tomcat.util.net.AbstractEndpoint.bindWithCleanup(AbstractEndpoint.java:1401)
		at org.apache.tomcat.util.net.AbstractEndpoint.init(AbstractEndpoint.java:1414)
		at org.apache.coyote.AbstractProtocol.init(AbstractProtocol.java:633)
		at org.apache.coyote.http11.AbstractHttp11Protocol.init(AbstractHttp11Protocol.java:82)
		at org.apache.catalina.connector.Connector.initInternal(Connector.java:1073)
		... 11 more
18-Sep-2025 16:35:41.046 INFO [main] org.apache.catalina.startup.Catalina.load Server initialization in [403] milliseconds
18-Sep-2025 16:35:41.085 INFO [main] org.apache.catalina.core.StandardService.startInternal Starting service [Catalina]
18-Sep-2025 16:35:41.085 INFO [main] org.apache.catalina.core.StandardEngine.startInternal Starting Servlet engine: [Apache Tomcat/10.1.46]
18-Sep-2025 16:35:41.088 INFO [main] org.apache.catalina.startup.HostConfig.deployDirectory Deploying web application directory [D:\Java\tomcat\webapps\dbms-project]
18-Sep-2025 16:35:41.540 INFO [main] org.apache.jasper.servlet.TldScanner.scanJars At least one JAR was scanned for TLDs yet contained no TLDs. Enable debug logging for this logger for a complete list of JARs that were scanned but no TLDs were found in them. Skipping unneeded JARs during scanning can improve startup time and JSP compilation time.
18-Sep-2025 16:35:41.576 INFO [main] org.apache.catalina.startup.HostConfig.deployDirectory Deployment of web application directory [D:\Java\tomcat\webapps\dbms-project] has finished in [488] ms
18-Sep-2025 16:35:41.577 INFO [main] org.apache.catalina.startup.HostConfig.deployDirectory Deploying web application directory [D:\Java\tomcat\webapps\docs]
18-Sep-2025 16:35:41.603 INFO [main] org.apache.catalina.startup.HostConfig.deployDirectory Deployment of web application directory [D:\Java\tomcat\webapps\docs] has finished in [26] ms
18-Sep-2025 16:35:41.604 INFO [main] org.apache.catalina.startup.HostConfig.deployDirectory Deploying web application directory [D:\Java\tomcat\webapps\manager]
18-Sep-2025 16:35:41.650 INFO [main] org.apache.catalina.startup.HostConfig.deployDirectory Deployment of web application directory [D:\Java\tomcat\webapps\manager] has finished in [46] ms
18-Sep-2025 16:35:41.650 INFO [main] org.apache.catalina.startup.HostConfig.deployDirectory Deploying web application directory [D:\Java\tomcat\webapps\ROOT]
18-Sep-2025 16:35:41.671 INFO [main] org.apache.catalina.startup.HostConfig.deployDirectory Deployment of web application directory [D:\Java\tomcat\webapps\ROOT] has finished in [21] ms
18-Sep-2025 16:35:41.675 INFO [main] org.apache.catalina.startup.Catalina.start Server startup in [627] milliseconds
18-Sep-2025 16:39:12.315 SEVERE [main] org.apache.catalina.startup.Catalina.stopServer No shutdown port configured. Shut down server through OS signal. Server not shut down.
18-Sep-2025 16:39:13.044 INFO [main] org.apache.catalina.startup.VersionLoggerListener.log Server version name:   Apache Tomcat/10.1.46
18-Sep-2025 16:39:13.044 INFO [main] org.apache.catalina.startup.VersionLoggerListener.log Server built:          Sep 8 2025 14:26:21 UTC
18-Sep-2025 16:39:13.044 INFO [main] org.apache.catalina.startup.VersionLoggerListener.log Server version number: 10.1.46.0
18-Sep-2025 16:39:13.044 INFO [main] org.apache.catalina.startup.VersionLoggerListener.log OS Name:               Windows 10
18-Sep-2025 16:39:13.044 INFO [main] org.apache.catalina.startup.VersionLoggerListener.log OS Version:            10.0
18-Sep-2025 16:39:13.044 INFO [main] org.apache.catalina.startup.VersionLoggerListener.log Architecture:          amd64
18-Sep-2025 16:39:13.044 INFO [main] org.apache.catalina.startup.VersionLoggerListener.log Java Home:             D:\Java\jdk-23.0.1
18-Sep-2025 16:39:13.044 INFO [main] org.apache.catalina.startup.VersionLoggerListener.log JVM Version:           23.0.1+11-39
18-Sep-2025 16:39:13.044 INFO [main] org.apache.catalina.startup.VersionLoggerListener.log JVM Vendor:            Oracle Corporation
18-Sep-2025 16:39:13.044 INFO [main] org.apache.catalina.startup.VersionLoggerListener.log CATALINA_BASE:         D:\Java\tomcat
18-Sep-2025 16:39:13.044 INFO [main] org.apache.catalina.startup.VersionLoggerListener.log CATALINA_HOME:         D:\Java\tomcat
18-Sep-2025 16:39:13.044 INFO [main] org.apache.catalina.startup.VersionLoggerListener.log Command line argument: -Djava.util.logging.config.file=D:\Java\tomcat\conf\logging.properties
18-Sep-2025 16:39:13.044 INFO [main] org.apache.catalina.startup.VersionLoggerListener.log Command line argument: -Djava.util.logging.manager=org.apache.juli.ClassLoaderLogManager
18-Sep-2025 16:39:13.044 INFO [main] org.apache.catalina.startup.VersionLoggerListener.log Command line argument: -Djdk.tls.ephemeralDHKeySize=2048
18-Sep-2025 16:39:13.044 INFO [main] org.apache.catalina.startup.VersionLoggerListener.log Command line argument: -Djava.protocol.handler.pkgs=org.apache.catalina.webresources
18-Sep-2025 16:39:13.044 INFO [main] org.apache.catalina.startup.VersionLoggerListener.log Command line argument: -Dsun.io.useCanonCaches=false
18-Sep-2025 16:39:13.044 INFO [main] org.apache.catalina.startup.VersionLoggerListener.log Command line argument: --add-opens=java.base/java.lang=ALL-UNNAMED
18-Sep-2025 16:39:13.044 INFO [main] org.apache.catalina.startup.VersionLoggerListener.log Command line argument: --add-opens=java.base/java.lang.reflect=ALL-UNNAMED
18-Sep-2025 16:39:13.044 INFO [main] org.apache.catalina.startup.VersionLoggerListener.log Command line argument: --add-opens=java.base/java.io=ALL-UNNAMED
18-Sep-2025 16:39:13.044 INFO [main] org.apache.catalina.startup.VersionLoggerListener.log Command line argument: --add-opens=java.base/java.util=ALL-UNNAMED
18-Sep-2025 16:39:13.044 INFO [main] org.apache.catalina.startup.VersionLoggerListener.log Command line argument: --add-opens=java.base/java.util.concurrent=ALL-UNNAMED
18-Sep-2025 16:39:13.044 INFO [main] org.apache.catalina.startup.VersionLoggerListener.log Command line argument: --add-opens=java.rmi/sun.rmi.transport=ALL-UNNAMED
18-Sep-2025 16:39:13.044 INFO [main] org.apache.catalina.startup.VersionLoggerListener.log Command line argument: -Dcatalina.base=D:\Java\tomcat
18-Sep-2025 16:39:13.044 INFO [main] org.apache.catalina.startup.VersionLoggerListener.log Command line argument: -Dcatalina.home=D:\Java\tomcat
18-Sep-2025 16:39:13.044 INFO [main] org.apache.catalina.startup.VersionLoggerListener.log Command line argument: -Djava.io.tmpdir=D:\Java\tomcat\temp
18-Sep-2025 16:39:13.070 INFO [main] org.apache.catalina.core.AprLifecycleListener.lifecycleEvent The Apache Tomcat Native library which allows using OpenSSL was not found on the java.library.path: [D:\Java\jdk-23.0.1\bin;C:\Windows\Sun\Java\bin;C:\Windows\system32;C:\Windows;C:\Program Files (x86)\Common Files\Oracle\Java\java8path;C:\Program Files (x86)\Common Files\Oracle\Java\javapath;D:\Java\jdk-23.0.1\bin;C:\Program Files\Java\jdk-22\bin;D:\Network\dbhomeXE\bin;C:\Windows\system32;C:\Windows;C:\Windows\System32\Wbem;C:\Windows\System32\WindowsPowerShell\v1.0\;C:\Windows\System32\OpenSSH\;C:\Program Files\dotnet\;C:\Program Files\Git\cmd;D:\mingw64\bin;C:\Users\Ashraf Mahmud\AppData\Local\Programs\Python\Python311;C:\Windows\Microsoft.NET\Framework64\v4.0.30319;C:\Program Files\Microsoft SQL Server\150\Tools\Binn\;C:\Program Files\Microsoft SQL Server\Client SDK\ODBC\170\Tools\Binn\;C:\Program Files\MySQL\MySQL Server 8.0\bin;C:\Program Files\CodeBlocks\MinGW\bin;D:\php;C:\ProgramData\ComposerSetup\bin;D:\Sqlite3;D:\WezTerm;D:\Java\javafx-sdk-23.0.1\lib;D:\CodeEditor\python;D:\CodeEditor\python\condabin;D:\CodeEditor\python\Scripts;D:\Program\apache-maven-3.9.10-bin\apache-maven-3.9.10\bin;;C:\Program Files\Docker\Docker\resources\bin;d:\CodeEditor\cursor\resources\app\bin;C:\ProgramData\chocolatey\bin;C:\Program Files\nodejs\;C:\Users\Ashraf Mahmud\.console-ninja\.bin;C:\Users\Ashraf Mahmud\AppData\Local\Programs\Python\Python313\Scripts\;C:\Users\Ashraf Mahmud\AppData\Local\Programs\Python\Python313\;C:\Users\Ashraf Mahmud\.cargo\bin;C:\Users\Ashraf Mahmud\scoop\shims;C:\Program Files\MySQL\MySQL Shell 8.0\bin\;C:\Users\Ashraf Mahmud\AppData\Local\Programs\Microsoft VS Code\bin;C:\Users\Ashraf Mahmud\AppData\Local\GitHubDesktop\bin;C:\Users\Ashraf Mahmud\AppData\Local\Programs\Python\Python311;C:\Users\Ashraf Mahmud\.dotnet\tools;D:\mingw64\bin;C:\Users\Ashraf Mahmud\.dotnet\tools;G:\Software\IntelliJ IDEA Community Edition 2023.2.2\bin;;C:\Program Files\CodeBlocks\MinGW\bin;G:\Software\PhpStorm 2023.2.2\bin;;D:\xampp\php;C:\Users\Ashraf Mahmud\AppData\Roaming\Composer\vendor\bin;D:\bin;C:\Users\Ashraf Mahmud\AppData\Local\Programs\oh-my-posh\bin;C:\Users\Ashraf Mahmud\bin;D:\CodeEditor\PyCharm Community Edition 2024.3.5\bin;D:\CodeEditor\cursor\resources\app\bin;C:\Users\Ashraf Mahmud\AppData\Roaming\npm;D:\Network;C:\Users\Ashraf Mahmud\.console-ninja\.bin;c:\Users\Ashraf Mahmud\AppData\Roaming\Code\User\globalStorage\github.copilot-chat\debugCommand;.]
18-Sep-2025 16:39:13.294 INFO [main] org.apache.coyote.AbstractProtocol.init Initializing ProtocolHandler ["http-nio-8080"]
18-Sep-2025 16:39:13.299 SEVERE [main] org.apache.catalina.util.LifecycleBase.handleSubClassException Failed to initialize component [Connector["http-nio-8080"]]
	org.apache.catalina.LifecycleException: Protocol handler initialization failed
		at org.apache.catalina.connector.Connector.initInternal(Connector.java:1075)
		at org.apache.catalina.util.LifecycleBase.init(LifecycleBase.java:122)
		at org.apache.catalina.core.StandardService.initInternal(StandardService.java:522)
		at org.apache.catalina.util.LifecycleBase.init(LifecycleBase.java:122)
		at org.apache.catalina.core.StandardServer.initInternal(StandardServer.java:957)
		at org.apache.catalina.util.LifecycleBase.init(LifecycleBase.java:122)
		at org.apache.catalina.startup.Catalina.load(Catalina.java:712)
		at org.apache.catalina.startup.Catalina.load(Catalina.java:735)
		at java.base/jdk.internal.reflect.DirectMethodHandleAccessor.invoke(DirectMethodHandleAccessor.java:103)
		at java.base/java.lang.reflect.Method.invoke(Method.java:580)
		at org.apache.catalina.startup.Bootstrap.load(Bootstrap.java:302)
		at org.apache.catalina.startup.Bootstrap.main(Bootstrap.java:475)
	Caused by: java.net.BindException: Address already in use: bind
		at java.base/sun.nio.ch.Net.bind0(Native Method)
		at java.base/sun.nio.ch.Net.bind(Net.java:565)
		at java.base/sun.nio.ch.ServerSocketChannelImpl.netBind(ServerSocketChannelImpl.java:344)
		at java.base/sun.nio.ch.ServerSocketChannelImpl.bind(ServerSocketChannelImpl.java:301)
		at org.apache.tomcat.util.net.NioEndpoint.initServerSocket(NioEndpoint.java:266)
		at org.apache.tomcat.util.net.NioEndpoint.bind(NioEndpoint.java:221)
		at org.apache.tomcat.util.net.AbstractEndpoint.bindWithCleanup(AbstractEndpoint.java:1401)
		at org.apache.tomcat.util.net.AbstractEndpoint.init(AbstractEndpoint.java:1414)
		at org.apache.coyote.AbstractProtocol.init(AbstractProtocol.java:633)
		at org.apache.coyote.http11.AbstractHttp11Protocol.init(AbstractHttp11Protocol.java:82)
		at org.apache.catalina.connector.Connector.initInternal(Connector.java:1073)
		... 11 more
18-Sep-2025 16:39:13.310 INFO [main] org.apache.catalina.startup.Catalina.load Server initialization in [398] milliseconds
18-Sep-2025 16:39:13.348 INFO [main] org.apache.catalina.core.StandardService.startInternal Starting service [Catalina]
18-Sep-2025 16:39:13.348 INFO [main] org.apache.catalina.core.StandardEngine.startInternal Starting Servlet engine: [Apache Tomcat/10.1.46]
18-Sep-2025 16:39:13.348 INFO [main] org.apache.catalina.startup.HostConfig.deployDirectory Deploying web application directory [D:\Java\tomcat\webapps\dbms-project]
18-Sep-2025 16:39:13.777 INFO [main] org.apache.jasper.servlet.TldScanner.scanJars At least one JAR was scanned for TLDs yet contained no TLDs. Enable debug logging for this logger for a complete list of JARs that were scanned but no TLDs were found in them. Skipping unneeded JARs during scanning can improve startup time and JSP compilation time.
18-Sep-2025 16:39:13.810 INFO [main] org.apache.catalina.startup.HostConfig.deployDirectory Deployment of web application directory [D:\Java\tomcat\webapps\dbms-project] has finished in [462] ms
18-Sep-2025 16:39:13.810 INFO [main] org.apache.catalina.startup.HostConfig.deployDirectory Deploying web application directory [D:\Java\tomcat\webapps\docs]
18-Sep-2025 16:39:13.838 INFO [main] org.apache.catalina.startup.HostConfig.deployDirectory Deployment of web application directory [D:\Java\tomcat\webapps\docs] has finished in [28] ms
18-Sep-2025 16:39:13.838 INFO [main] org.apache.catalina.startup.HostConfig.deployDirectory Deploying web application directory [D:\Java\tomcat\webapps\manager]
18-Sep-2025 16:39:13.874 INFO [main] org.apache.catalina.startup.HostConfig.deployDirectory Deployment of web application directory [D:\Java\tomcat\webapps\manager] has finished in [36] ms
18-Sep-2025 16:39:13.874 INFO [main] org.apache.catalina.startup.HostConfig.deployDirectory Deploying web application directory [D:\Java\tomcat\webapps\ROOT]
18-Sep-2025 16:39:13.891 INFO [main] org.apache.catalina.startup.HostConfig.deployDirectory Deployment of web application directory [D:\Java\tomcat\webapps\ROOT] has finished in [17] ms
18-Sep-2025 16:39:13.894 INFO [main] org.apache.catalina.startup.Catalina.start Server startup in [583] milliseconds
18-Sep-2025 16:43:50.113 SEVERE [main] org.apache.catalina.startup.Catalina.stopServer No shutdown port configured. Shut down server through OS signal. Server not shut down.
18-Sep-2025 16:43:50.870 INFO [main] org.apache.catalina.startup.VersionLoggerListener.log Server version name:   Apache Tomcat/10.1.46
18-Sep-2025 16:43:50.870 INFO [main] org.apache.catalina.startup.VersionLoggerListener.log Server built:          Sep 8 2025 14:26:21 UTC
18-Sep-2025 16:43:50.870 INFO [main] org.apache.catalina.startup.VersionLoggerListener.log Server version number: 10.1.46.0
18-Sep-2025 16:43:50.870 INFO [main] org.apache.catalina.startup.VersionLoggerListener.log OS Name:               Windows 10
18-Sep-2025 16:43:50.870 INFO [main] org.apache.catalina.startup.VersionLoggerListener.log OS Version:            10.0
18-Sep-2025 16:43:50.870 INFO [main] org.apache.catalina.startup.VersionLoggerListener.log Architecture:          amd64
18-Sep-2025 16:43:50.870 INFO [main] org.apache.catalina.startup.VersionLoggerListener.log Java Home:             D:\Java\jdk-23.0.1
18-Sep-2025 16:43:50.870 INFO [main] org.apache.catalina.startup.VersionLoggerListener.log JVM Version:           23.0.1+11-39
18-Sep-2025 16:43:50.870 INFO [main] org.apache.catalina.startup.VersionLoggerListener.log JVM Vendor:            Oracle Corporation
18-Sep-2025 16:43:50.870 INFO [main] org.apache.catalina.startup.VersionLoggerListener.log CATALINA_BASE:         D:\Java\tomcat
18-Sep-2025 16:43:50.870 INFO [main] org.apache.catalina.startup.VersionLoggerListener.log CATALINA_HOME:         D:\Java\tomcat
18-Sep-2025 16:43:50.890 INFO [main] org.apache.catalina.startup.VersionLoggerListener.log Command line argument: -Djava.util.logging.config.file=D:\Java\tomcat\conf\logging.properties
18-Sep-2025 16:43:50.890 INFO [main] org.apache.catalina.startup.VersionLoggerListener.log Command line argument: -Djava.util.logging.manager=org.apache.juli.ClassLoaderLogManager
18-Sep-2025 16:43:50.890 INFO [main] org.apache.catalina.startup.VersionLoggerListener.log Command line argument: -Djdk.tls.ephemeralDHKeySize=2048
18-Sep-2025 16:43:50.890 INFO [main] org.apache.catalina.startup.VersionLoggerListener.log Command line argument: -Djava.protocol.handler.pkgs=org.apache.catalina.webresources
18-Sep-2025 16:43:50.890 INFO [main] org.apache.catalina.startup.VersionLoggerListener.log Command line argument: -Dsun.io.useCanonCaches=false
18-Sep-2025 16:43:50.890 INFO [main] org.apache.catalina.startup.VersionLoggerListener.log Command line argument: --add-opens=java.base/java.lang=ALL-UNNAMED
18-Sep-2025 16:43:50.891 INFO [main] org.apache.catalina.startup.VersionLoggerListener.log Command line argument: --add-opens=java.base/java.lang.reflect=ALL-UNNAMED
18-Sep-2025 16:43:50.891 INFO [main] org.apache.catalina.startup.VersionLoggerListener.log Command line argument: --add-opens=java.base/java.io=ALL-UNNAMED
18-Sep-2025 16:43:50.891 INFO [main] org.apache.catalina.startup.VersionLoggerListener.log Command line argument: --add-opens=java.base/java.util=ALL-UNNAMED
18-Sep-2025 16:43:50.891 INFO [main] org.apache.catalina.startup.VersionLoggerListener.log Command line argument: --add-opens=java.base/java.util.concurrent=ALL-UNNAMED
18-Sep-2025 16:43:50.891 INFO [main] org.apache.catalina.startup.VersionLoggerListener.log Command line argument: --add-opens=java.rmi/sun.rmi.transport=ALL-UNNAMED
18-Sep-2025 16:43:50.891 INFO [main] org.apache.catalina.startup.VersionLoggerListener.log Command line argument: -Dcatalina.base=D:\Java\tomcat
18-Sep-2025 16:43:50.891 INFO [main] org.apache.catalina.startup.VersionLoggerListener.log Command line argument: -Dcatalina.home=D:\Java\tomcat
18-Sep-2025 16:43:50.891 INFO [main] org.apache.catalina.startup.VersionLoggerListener.log Command line argument: -Djava.io.tmpdir=D:\Java\tomcat\temp
18-Sep-2025 16:43:50.903 INFO [main] org.apache.catalina.core.AprLifecycleListener.lifecycleEvent The Apache Tomcat Native library which allows using OpenSSL was not found on the java.library.path: [D:\Java\jdk-23.0.1\bin;C:\Windows\Sun\Java\bin;C:\Windows\system32;C:\Windows;C:\Program Files (x86)\Common Files\Oracle\Java\java8path;C:\Program Files (x86)\Common Files\Oracle\Java\javapath;D:\Java\jdk-23.0.1\bin;C:\Program Files\Java\jdk-22\bin;D:\Network\dbhomeXE\bin;C:\Windows\system32;C:\Windows;C:\Windows\System32\Wbem;C:\Windows\System32\WindowsPowerShell\v1.0\;C:\Windows\System32\OpenSSH\;C:\Program Files\dotnet\;C:\Program Files\Git\cmd;D:\mingw64\bin;C:\Users\Ashraf Mahmud\AppData\Local\Programs\Python\Python311;C:\Windows\Microsoft.NET\Framework64\v4.0.30319;C:\Program Files\Microsoft SQL Server\150\Tools\Binn\;C:\Program Files\Microsoft SQL Server\Client SDK\ODBC\170\Tools\Binn\;C:\Program Files\MySQL\MySQL Server 8.0\bin;C:\Program Files\CodeBlocks\MinGW\bin;D:\php;C:\ProgramData\ComposerSetup\bin;D:\Sqlite3;D:\WezTerm;D:\Java\javafx-sdk-23.0.1\lib;D:\CodeEditor\python;D:\CodeEditor\python\condabin;D:\CodeEditor\python\Scripts;D:\Program\apache-maven-3.9.10-bin\apache-maven-3.9.10\bin;;C:\Program Files\Docker\Docker\resources\bin;d:\CodeEditor\cursor\resources\app\bin;C:\ProgramData\chocolatey\bin;C:\Program Files\nodejs\;C:\Users\Ashraf Mahmud\.console-ninja\.bin;C:\Users\Ashraf Mahmud\AppData\Local\Programs\Python\Python313\Scripts\;C:\Users\Ashraf Mahmud\AppData\Local\Programs\Python\Python313\;C:\Users\Ashraf Mahmud\.cargo\bin;C:\Users\Ashraf Mahmud\scoop\shims;C:\Program Files\MySQL\MySQL Shell 8.0\bin\;C:\Users\Ashraf Mahmud\AppData\Local\Programs\Microsoft VS Code\bin;C:\Users\Ashraf Mahmud\AppData\Local\GitHubDesktop\bin;C:\Users\Ashraf Mahmud\AppData\Local\Programs\Python\Python311;C:\Users\Ashraf Mahmud\.dotnet\tools;D:\mingw64\bin;C:\Users\Ashraf Mahmud\.dotnet\tools;G:\Software\IntelliJ IDEA Community Edition 2023.2.2\bin;;C:\Program Files\CodeBlocks\MinGW\bin;G:\Software\PhpStorm 2023.2.2\bin;;D:\xampp\php;C:\Users\Ashraf Mahmud\AppData\Roaming\Composer\vendor\bin;D:\bin;C:\Users\Ashraf Mahmud\AppData\Local\Programs\oh-my-posh\bin;C:\Users\Ashraf Mahmud\bin;D:\CodeEditor\PyCharm Community Edition 2024.3.5\bin;D:\CodeEditor\cursor\resources\app\bin;C:\Users\Ashraf Mahmud\AppData\Roaming\npm;D:\Network;C:\Users\Ashraf Mahmud\.console-ninja\.bin;c:\Users\Ashraf Mahmud\AppData\Roaming\Code\User\globalStorage\github.copilot-chat\debugCommand;.]
18-Sep-2025 16:43:51.142 INFO [main] org.apache.coyote.AbstractProtocol.init Initializing ProtocolHandler ["http-nio-8080"]
18-Sep-2025 16:43:51.156 SEVERE [main] org.apache.catalina.util.LifecycleBase.handleSubClassException Failed to initialize component [Connector["http-nio-8080"]]
	org.apache.catalina.LifecycleException: Protocol handler initialization failed
		at org.apache.catalina.connector.Connector.initInternal(Connector.java:1075)
		at org.apache.catalina.util.LifecycleBase.init(LifecycleBase.java:122)
		at org.apache.catalina.core.StandardService.initInternal(StandardService.java:522)
		at org.apache.catalina.util.LifecycleBase.init(LifecycleBase.java:122)
		at org.apache.catalina.core.StandardServer.initInternal(StandardServer.java:957)
		at org.apache.catalina.util.LifecycleBase.init(LifecycleBase.java:122)
		at org.apache.catalina.startup.Catalina.load(Catalina.java:712)
		at org.apache.catalina.startup.Catalina.load(Catalina.java:735)
		at java.base/jdk.internal.reflect.DirectMethodHandleAccessor.invoke(DirectMethodHandleAccessor.java:103)
		at java.base/java.lang.reflect.Method.invoke(Method.java:580)
		at org.apache.catalina.startup.Bootstrap.load(Bootstrap.java:302)
		at org.apache.catalina.startup.Bootstrap.main(Bootstrap.java:475)
	Caused by: java.net.BindException: Address already in use: bind
		at java.base/sun.nio.ch.Net.bind0(Native Method)
		at java.base/sun.nio.ch.Net.bind(Net.java:565)
		at java.base/sun.nio.ch.ServerSocketChannelImpl.netBind(ServerSocketChannelImpl.java:344)
		at java.base/sun.nio.ch.ServerSocketChannelImpl.bind(ServerSocketChannelImpl.java:301)
		at org.apache.tomcat.util.net.NioEndpoint.initServerSocket(NioEndpoint.java:266)
		at org.apache.tomcat.util.net.NioEndpoint.bind(NioEndpoint.java:221)
		at org.apache.tomcat.util.net.AbstractEndpoint.bindWithCleanup(AbstractEndpoint.java:1401)
		at org.apache.tomcat.util.net.AbstractEndpoint.init(AbstractEndpoint.java:1414)
		at org.apache.coyote.AbstractProtocol.init(AbstractProtocol.java:633)
		at org.apache.coyote.http11.AbstractHttp11Protocol.init(AbstractHttp11Protocol.java:82)
		at org.apache.catalina.connector.Connector.initInternal(Connector.java:1073)
		... 11 more
18-Sep-2025 16:43:51.157 INFO [main] org.apache.catalina.startup.Catalina.load Server initialization in [411] milliseconds
18-Sep-2025 16:43:51.196 INFO [main] org.apache.catalina.core.StandardService.startInternal Starting service [Catalina]
18-Sep-2025 16:43:51.196 INFO [main] org.apache.catalina.core.StandardEngine.startInternal Starting Servlet engine: [Apache Tomcat/10.1.46]
18-Sep-2025 16:43:51.204 INFO [main] org.apache.catalina.startup.HostConfig.deployDirectory Deploying web application directory [D:\Java\tomcat\webapps\dbms-project]
18-Sep-2025 16:43:51.654 INFO [main] org.apache.jasper.servlet.TldScanner.scanJars At least one JAR was scanned for TLDs yet contained no TLDs. Enable debug logging for this logger for a complete list of JARs that were scanned but no TLDs were found in them. Skipping unneeded JARs during scanning can improve startup time and JSP compilation time.
18-Sep-2025 16:43:51.691 INFO [main] org.apache.catalina.startup.HostConfig.deployDirectory Deployment of web application directory [D:\Java\tomcat\webapps\dbms-project] has finished in [487] ms
18-Sep-2025 16:43:51.691 INFO [main] org.apache.catalina.startup.HostConfig.deployDirectory Deploying web application directory [D:\Java\tomcat\webapps\docs]
18-Sep-2025 16:43:51.704 INFO [main] org.apache.catalina.startup.HostConfig.deployDirectory Deployment of web application directory [D:\Java\tomcat\webapps\docs] has finished in [13] ms
18-Sep-2025 16:43:51.720 INFO [main] org.apache.catalina.startup.HostConfig.deployDirectory Deploying web application directory [D:\Java\tomcat\webapps\manager]
18-Sep-2025 16:43:51.753 INFO [main] org.apache.catalina.startup.HostConfig.deployDirectory Deployment of web application directory [D:\Java\tomcat\webapps\manager] has finished in [33] ms
18-Sep-2025 16:43:51.753 INFO [main] org.apache.catalina.startup.HostConfig.deployDirectory Deploying web application directory [D:\Java\tomcat\webapps\ROOT]
18-Sep-2025 16:43:51.761 INFO [main] org.apache.catalina.startup.HostConfig.deployDirectory Deployment of web application directory [D:\Java\tomcat\webapps\ROOT] has finished in [8] ms
18-Sep-2025 16:43:51.778 INFO [main] org.apache.catalina.startup.Catalina.start Server startup in [619] milliseconds
18-Sep-2025 16:54:04.756 SEVERE [main] org.apache.catalina.startup.Catalina.stopServer No shutdown port configured. Shut down server through OS signal. Server not shut down.
18-Sep-2025 16:54:05.600 INFO [main] org.apache.catalina.startup.VersionLoggerListener.log Server version name:   Apache Tomcat/10.1.46
18-Sep-2025 16:54:05.604 INFO [main] org.apache.catalina.startup.VersionLoggerListener.log Server built:          Sep 8 2025 14:26:21 UTC
18-Sep-2025 16:54:05.605 INFO [main] org.apache.catalina.startup.VersionLoggerListener.log Server version number: 10.1.46.0
18-Sep-2025 16:54:05.605 INFO [main] org.apache.catalina.startup.VersionLoggerListener.log OS Name:               Windows 10
18-Sep-2025 16:54:05.605 INFO [main] org.apache.catalina.startup.VersionLoggerListener.log OS Version:            10.0
18-Sep-2025 16:54:05.605 INFO [main] org.apache.catalina.startup.VersionLoggerListener.log Architecture:          amd64
18-Sep-2025 16:54:05.605 INFO [main] org.apache.catalina.startup.VersionLoggerListener.log Java Home:             D:\Java\jdk-23.0.1
18-Sep-2025 16:54:05.606 INFO [main] org.apache.catalina.startup.VersionLoggerListener.log JVM Version:           23.0.1+11-39
18-Sep-2025 16:54:05.606 INFO [main] org.apache.catalina.startup.VersionLoggerListener.log JVM Vendor:            Oracle Corporation
18-Sep-2025 16:54:05.606 INFO [main] org.apache.catalina.startup.VersionLoggerListener.log CATALINA_BASE:         D:\Java\tomcat
18-Sep-2025 16:54:05.606 INFO [main] org.apache.catalina.startup.VersionLoggerListener.log CATALINA_HOME:         D:\Java\tomcat
18-Sep-2025 16:54:05.616 INFO [main] org.apache.catalina.startup.VersionLoggerListener.log Command line argument: -Djava.util.logging.config.file=D:\Java\tomcat\conf\logging.properties
18-Sep-2025 16:54:05.616 INFO [main] org.apache.catalina.startup.VersionLoggerListener.log Command line argument: -Djava.util.logging.manager=org.apache.juli.ClassLoaderLogManager
18-Sep-2025 16:54:05.616 INFO [main] org.apache.catalina.startup.VersionLoggerListener.log Command line argument: -Djdk.tls.ephemeralDHKeySize=2048
18-Sep-2025 16:54:05.616 INFO [main] org.apache.catalina.startup.VersionLoggerListener.log Command line argument: -Djava.protocol.handler.pkgs=org.apache.catalina.webresources
18-Sep-2025 16:54:05.616 INFO [main] org.apache.catalina.startup.VersionLoggerListener.log Command line argument: -Dsun.io.useCanonCaches=false
18-Sep-2025 16:54:05.617 INFO [main] org.apache.catalina.startup.VersionLoggerListener.log Command line argument: --add-opens=java.base/java.lang=ALL-UNNAMED
18-Sep-2025 16:54:05.617 INFO [main] org.apache.catalina.startup.VersionLoggerListener.log Command line argument: --add-opens=java.base/java.lang.reflect=ALL-UNNAMED
18-Sep-2025 16:54:05.617 INFO [main] org.apache.catalina.startup.VersionLoggerListener.log Command line argument: --add-opens=java.base/java.io=ALL-UNNAMED
18-Sep-2025 16:54:05.617 INFO [main] org.apache.catalina.startup.VersionLoggerListener.log Command line argument: --add-opens=java.base/java.util=ALL-UNNAMED
18-Sep-2025 16:54:05.617 INFO [main] org.apache.catalina.startup.VersionLoggerListener.log Command line argument: --add-opens=java.base/java.util.concurrent=ALL-UNNAMED
18-Sep-2025 16:54:05.617 INFO [main] org.apache.catalina.startup.VersionLoggerListener.log Command line argument: --add-opens=java.rmi/sun.rmi.transport=ALL-UNNAMED
18-Sep-2025 16:54:05.617 INFO [main] org.apache.catalina.startup.VersionLoggerListener.log Command line argument: -Dcatalina.base=D:\Java\tomcat
18-Sep-2025 16:54:05.617 INFO [main] org.apache.catalina.startup.VersionLoggerListener.log Command line argument: -Dcatalina.home=D:\Java\tomcat
18-Sep-2025 16:54:05.618 INFO [main] org.apache.catalina.startup.VersionLoggerListener.log Command line argument: -Djava.io.tmpdir=D:\Java\tomcat\temp
18-Sep-2025 16:54:05.629 INFO [main] org.apache.catalina.core.AprLifecycleListener.lifecycleEvent The Apache Tomcat Native library which allows using OpenSSL was not found on the java.library.path: [D:\Java\jdk-23.0.1\bin;C:\Windows\Sun\Java\bin;C:\Windows\system32;C:\Windows;C:\Program Files (x86)\Common Files\Oracle\Java\java8path;C:\Program Files (x86)\Common Files\Oracle\Java\javapath;D:\Java\jdk-23.0.1\bin;C:\Program Files\Java\jdk-22\bin;D:\Network\dbhomeXE\bin;C:\Windows\system32;C:\Windows;C:\Windows\System32\Wbem;C:\Windows\System32\WindowsPowerShell\v1.0\;C:\Windows\System32\OpenSSH\;C:\Program Files\dotnet\;C:\Program Files\Git\cmd;D:\mingw64\bin;C:\Users\Ashraf Mahmud\AppData\Local\Programs\Python\Python311;C:\Windows\Microsoft.NET\Framework64\v4.0.30319;C:\Program Files\Microsoft SQL Server\150\Tools\Binn\;C:\Program Files\Microsoft SQL Server\Client SDK\ODBC\170\Tools\Binn\;C:\Program Files\MySQL\MySQL Server 8.0\bin;C:\Program Files\CodeBlocks\MinGW\bin;D:\php;C:\ProgramData\ComposerSetup\bin;D:\Sqlite3;D:\WezTerm;D:\Java\javafx-sdk-23.0.1\lib;D:\CodeEditor\python;D:\CodeEditor\python\condabin;D:\CodeEditor\python\Scripts;D:\Program\apache-maven-3.9.10-bin\apache-maven-3.9.10\bin;;C:\Program Files\Docker\Docker\resources\bin;d:\CodeEditor\cursor\resources\app\bin;C:\ProgramData\chocolatey\bin;C:\Program Files\nodejs\;C:\Users\Ashraf Mahmud\.console-ninja\.bin;C:\Users\Ashraf Mahmud\AppData\Local\Programs\Python\Python313\Scripts\;C:\Users\Ashraf Mahmud\AppData\Local\Programs\Python\Python313\;C:\Users\Ashraf Mahmud\.cargo\bin;C:\Users\Ashraf Mahmud\scoop\shims;C:\Program Files\MySQL\MySQL Shell 8.0\bin\;C:\Users\Ashraf Mahmud\AppData\Local\Programs\Microsoft VS Code\bin;C:\Users\Ashraf Mahmud\AppData\Local\GitHubDesktop\bin;C:\Users\Ashraf Mahmud\AppData\Local\Programs\Python\Python311;C:\Users\Ashraf Mahmud\.dotnet\tools;D:\mingw64\bin;C:\Users\Ashraf Mahmud\.dotnet\tools;G:\Software\IntelliJ IDEA Community Edition 2023.2.2\bin;;C:\Program Files\CodeBlocks\MinGW\bin;G:\Software\PhpStorm 2023.2.2\bin;;D:\xampp\php;C:\Users\Ashraf Mahmud\AppData\Roaming\Composer\vendor\bin;D:\bin;C:\Users\Ashraf Mahmud\AppData\Local\Programs\oh-my-posh\bin;C:\Users\Ashraf Mahmud\bin;D:\CodeEditor\PyCharm Community Edition 2024.3.5\bin;D:\CodeEditor\cursor\resources\app\bin;C:\Users\Ashraf Mahmud\AppData\Roaming\npm;D:\Network;C:\Users\Ashraf Mahmud\.console-ninja\.bin;c:\Users\Ashraf Mahmud\AppData\Roaming\Code\User\globalStorage\github.copilot-chat\debugCommand;.]
18-Sep-2025 16:54:05.891 INFO [main] org.apache.coyote.AbstractProtocol.init Initializing ProtocolHandler ["http-nio-8080"]
18-Sep-2025 16:54:05.905 SEVERE [main] org.apache.catalina.util.LifecycleBase.handleSubClassException Failed to initialize component [Connector["http-nio-8080"]]
	org.apache.catalina.LifecycleException: Protocol handler initialization failed
		at org.apache.catalina.connector.Connector.initInternal(Connector.java:1075)
		at org.apache.catalina.util.LifecycleBase.init(LifecycleBase.java:122)
		at org.apache.catalina.core.StandardService.initInternal(StandardService.java:522)
		at org.apache.catalina.util.LifecycleBase.init(LifecycleBase.java:122)
		at org.apache.catalina.core.StandardServer.initInternal(StandardServer.java:957)
		at org.apache.catalina.util.LifecycleBase.init(LifecycleBase.java:122)
		at org.apache.catalina.startup.Catalina.load(Catalina.java:712)
		at org.apache.catalina.startup.Catalina.load(Catalina.java:735)
		at java.base/jdk.internal.reflect.DirectMethodHandleAccessor.invoke(DirectMethodHandleAccessor.java:103)
		at java.base/java.lang.reflect.Method.invoke(Method.java:580)
		at org.apache.catalina.startup.Bootstrap.load(Bootstrap.java:302)
		at org.apache.catalina.startup.Bootstrap.main(Bootstrap.java:475)
	Caused by: java.net.BindException: Address already in use: bind
		at java.base/sun.nio.ch.Net.bind0(Native Method)
		at java.base/sun.nio.ch.Net.bind(Net.java:565)
		at java.base/sun.nio.ch.ServerSocketChannelImpl.netBind(ServerSocketChannelImpl.java:344)
		at java.base/sun.nio.ch.ServerSocketChannelImpl.bind(ServerSocketChannelImpl.java:301)
		at org.apache.tomcat.util.net.NioEndpoint.initServerSocket(NioEndpoint.java:266)
		at org.apache.tomcat.util.net.NioEndpoint.bind(NioEndpoint.java:221)
		at org.apache.tomcat.util.net.AbstractEndpoint.bindWithCleanup(AbstractEndpoint.java:1401)
		at org.apache.tomcat.util.net.AbstractEndpoint.init(AbstractEndpoint.java:1414)
		at org.apache.coyote.AbstractProtocol.init(AbstractProtocol.java:633)
		at org.apache.coyote.http11.AbstractHttp11Protocol.init(AbstractHttp11Protocol.java:82)
		at org.apache.catalina.connector.Connector.initInternal(Connector.java:1073)
		... 11 more
18-Sep-2025 16:54:05.906 INFO [main] org.apache.catalina.startup.Catalina.load Server initialization in [467] milliseconds
18-Sep-2025 16:54:05.957 INFO [main] org.apache.catalina.core.StandardService.startInternal Starting service [Catalina]
18-Sep-2025 16:54:05.957 INFO [main] org.apache.catalina.core.StandardEngine.startInternal Starting Servlet engine: [Apache Tomcat/10.1.46]
18-Sep-2025 16:54:05.973 INFO [main] org.apache.catalina.startup.HostConfig.deployDirectory Deploying web application directory [D:\Java\tomcat\webapps\dbms-project]
18-Sep-2025 16:54:06.513 INFO [main] org.apache.jasper.servlet.TldScanner.scanJars At least one JAR was scanned for TLDs yet contained no TLDs. Enable debug logging for this logger for a complete list of JARs that were scanned but no TLDs were found in them. Skipping unneeded JARs during scanning can improve startup time and JSP compilation time.
18-Sep-2025 16:54:06.556 INFO [main] org.apache.catalina.startup.HostConfig.deployDirectory Deployment of web application directory [D:\Java\tomcat\webapps\dbms-project] has finished in [583] ms
18-Sep-2025 16:54:06.556 INFO [main] org.apache.catalina.startup.HostConfig.deployDirectory Deploying web application directory [D:\Java\tomcat\webapps\docs]
18-Sep-2025 16:54:06.586 INFO [main] org.apache.catalina.startup.HostConfig.deployDirectory Deployment of web application directory [D:\Java\tomcat\webapps\docs] has finished in [30] ms
18-Sep-2025 16:54:06.587 INFO [main] org.apache.catalina.startup.HostConfig.deployDirectory Deploying web application directory [D:\Java\tomcat\webapps\manager]
18-Sep-2025 16:54:06.626 INFO [main] org.apache.catalina.startup.HostConfig.deployDirectory Deployment of web application directory [D:\Java\tomcat\webapps\manager] has finished in [39] ms
18-Sep-2025 16:54:06.626 INFO [main] org.apache.catalina.startup.HostConfig.deployDirectory Deploying web application directory [D:\Java\tomcat\webapps\ROOT]
18-Sep-2025 16:54:06.646 INFO [main] org.apache.catalina.startup.HostConfig.deployDirectory Deployment of web application directory [D:\Java\tomcat\webapps\ROOT] has finished in [20] ms
18-Sep-2025 16:54:06.652 INFO [main] org.apache.catalina.startup.Catalina.start Server startup in [745] milliseconds
18-Sep-2025 16:55:54.421 SEVERE [main] org.apache.catalina.startup.Catalina.stopServer No shutdown port configured. Shut down server through OS signal. Server not shut down.
18-Sep-2025 16:55:55.227 INFO [main] org.apache.catalina.startup.VersionLoggerListener.log Server version name:   Apache Tomcat/10.1.46
18-Sep-2025 16:55:55.235 INFO [main] org.apache.catalina.startup.VersionLoggerListener.log Server built:          Sep 8 2025 14:26:21 UTC
18-Sep-2025 16:55:55.235 INFO [main] org.apache.catalina.startup.VersionLoggerListener.log Server version number: 10.1.46.0
18-Sep-2025 16:55:55.235 INFO [main] org.apache.catalina.startup.VersionLoggerListener.log OS Name:               Windows 10
18-Sep-2025 16:55:55.235 INFO [main] org.apache.catalina.startup.VersionLoggerListener.log OS Version:            10.0
18-Sep-2025 16:55:55.235 INFO [main] org.apache.catalina.startup.VersionLoggerListener.log Architecture:          amd64
18-Sep-2025 16:55:55.235 INFO [main] org.apache.catalina.startup.VersionLoggerListener.log Java Home:             D:\Java\jdk-23.0.1
18-Sep-2025 16:55:55.235 INFO [main] org.apache.catalina.startup.VersionLoggerListener.log JVM Version:           23.0.1+11-39
18-Sep-2025 16:55:55.235 INFO [main] org.apache.catalina.startup.VersionLoggerListener.log JVM Vendor:            Oracle Corporation
18-Sep-2025 16:55:55.235 INFO [main] org.apache.catalina.startup.VersionLoggerListener.log CATALINA_BASE:         D:\Java\tomcat
18-Sep-2025 16:55:55.235 INFO [main] org.apache.catalina.startup.VersionLoggerListener.log CATALINA_HOME:         D:\Java\tomcat
18-Sep-2025 16:55:55.247 INFO [main] org.apache.catalina.startup.VersionLoggerListener.log Command line argument: -Djava.util.logging.config.file=D:\Java\tomcat\conf\logging.properties
18-Sep-2025 16:55:55.247 INFO [main] org.apache.catalina.startup.VersionLoggerListener.log Command line argument: -Djava.util.logging.manager=org.apache.juli.ClassLoaderLogManager
18-Sep-2025 16:55:55.247 INFO [main] org.apache.catalina.startup.VersionLoggerListener.log Command line argument: -Djdk.tls.ephemeralDHKeySize=2048
18-Sep-2025 16:55:55.247 INFO [main] org.apache.catalina.startup.VersionLoggerListener.log Command line argument: -Djava.protocol.handler.pkgs=org.apache.catalina.webresources
18-Sep-2025 16:55:55.247 INFO [main] org.apache.catalina.startup.VersionLoggerListener.log Command line argument: -Dsun.io.useCanonCaches=false
18-Sep-2025 16:55:55.247 INFO [main] org.apache.catalina.startup.VersionLoggerListener.log Command line argument: --add-opens=java.base/java.lang=ALL-UNNAMED
18-Sep-2025 16:55:55.248 INFO [main] org.apache.catalina.startup.VersionLoggerListener.log Command line argument: --add-opens=java.base/java.lang.reflect=ALL-UNNAMED
18-Sep-2025 16:55:55.248 INFO [main] org.apache.catalina.startup.VersionLoggerListener.log Command line argument: --add-opens=java.base/java.io=ALL-UNNAMED
18-Sep-2025 16:55:55.248 INFO [main] org.apache.catalina.startup.VersionLoggerListener.log Command line argument: --add-opens=java.base/java.util=ALL-UNNAMED
18-Sep-2025 16:55:55.248 INFO [main] org.apache.catalina.startup.VersionLoggerListener.log Command line argument: --add-opens=java.base/java.util.concurrent=ALL-UNNAMED
18-Sep-2025 16:55:55.248 INFO [main] org.apache.catalina.startup.VersionLoggerListener.log Command line argument: --add-opens=java.rmi/sun.rmi.transport=ALL-UNNAMED
18-Sep-2025 16:55:55.248 INFO [main] org.apache.catalina.startup.VersionLoggerListener.log Command line argument: -Dcatalina.base=D:\Java\tomcat
18-Sep-2025 16:55:55.248 INFO [main] org.apache.catalina.startup.VersionLoggerListener.log Command line argument: -Dcatalina.home=D:\Java\tomcat
18-Sep-2025 16:55:55.248 INFO [main] org.apache.catalina.startup.VersionLoggerListener.log Command line argument: -Djava.io.tmpdir=D:\Java\tomcat\temp
18-Sep-2025 16:55:55.260 INFO [main] org.apache.catalina.core.AprLifecycleListener.lifecycleEvent The Apache Tomcat Native library which allows using OpenSSL was not found on the java.library.path: [D:\Java\jdk-23.0.1\bin;C:\Windows\Sun\Java\bin;C:\Windows\system32;C:\Windows;C:\Program Files (x86)\Common Files\Oracle\Java\java8path;C:\Program Files (x86)\Common Files\Oracle\Java\javapath;D:\Java\jdk-23.0.1\bin;C:\Program Files\Java\jdk-22\bin;D:\Network\dbhomeXE\bin;C:\Windows\system32;C:\Windows;C:\Windows\System32\Wbem;C:\Windows\System32\WindowsPowerShell\v1.0\;C:\Windows\System32\OpenSSH\;C:\Program Files\dotnet\;C:\Program Files\Git\cmd;D:\mingw64\bin;C:\Users\Ashraf Mahmud\AppData\Local\Programs\Python\Python311;C:\Windows\Microsoft.NET\Framework64\v4.0.30319;C:\Program Files\Microsoft SQL Server\150\Tools\Binn\;C:\Program Files\Microsoft SQL Server\Client SDK\ODBC\170\Tools\Binn\;C:\Program Files\MySQL\MySQL Server 8.0\bin;C:\Program Files\CodeBlocks\MinGW\bin;D:\php;C:\ProgramData\ComposerSetup\bin;D:\Sqlite3;D:\WezTerm;D:\Java\javafx-sdk-23.0.1\lib;D:\CodeEditor\python;D:\CodeEditor\python\condabin;D:\CodeEditor\python\Scripts;D:\Program\apache-maven-3.9.10-bin\apache-maven-3.9.10\bin;;C:\Program Files\Docker\Docker\resources\bin;d:\CodeEditor\cursor\resources\app\bin;C:\ProgramData\chocolatey\bin;C:\Program Files\nodejs\;C:\Users\Ashraf Mahmud\.console-ninja\.bin;C:\Users\Ashraf Mahmud\AppData\Local\Programs\Python\Python313\Scripts\;C:\Users\Ashraf Mahmud\AppData\Local\Programs\Python\Python313\;C:\Users\Ashraf Mahmud\.cargo\bin;C:\Users\Ashraf Mahmud\scoop\shims;C:\Program Files\MySQL\MySQL Shell 8.0\bin\;C:\Users\Ashraf Mahmud\AppData\Local\Programs\Microsoft VS Code\bin;C:\Users\Ashraf Mahmud\AppData\Local\GitHubDesktop\bin;C:\Users\Ashraf Mahmud\AppData\Local\Programs\Python\Python311;C:\Users\Ashraf Mahmud\.dotnet\tools;D:\mingw64\bin;C:\Users\Ashraf Mahmud\.dotnet\tools;G:\Software\IntelliJ IDEA Community Edition 2023.2.2\bin;;C:\Program Files\CodeBlocks\MinGW\bin;G:\Software\PhpStorm 2023.2.2\bin;;D:\xampp\php;C:\Users\Ashraf Mahmud\AppData\Roaming\Composer\vendor\bin;D:\bin;C:\Users\Ashraf Mahmud\AppData\Local\Programs\oh-my-posh\bin;C:\Users\Ashraf Mahmud\bin;D:\CodeEditor\PyCharm Community Edition 2024.3.5\bin;D:\CodeEditor\cursor\resources\app\bin;C:\Users\Ashraf Mahmud\AppData\Roaming\npm;D:\Network;C:\Users\Ashraf Mahmud\.console-ninja\.bin;c:\Users\Ashraf Mahmud\AppData\Roaming\Code\User\globalStorage\github.copilot-chat\debugCommand;.]
18-Sep-2025 16:55:55.538 INFO [main] org.apache.coyote.AbstractProtocol.init Initializing ProtocolHandler ["http-nio-8080"]
18-Sep-2025 16:55:55.558 SEVERE [main] org.apache.catalina.util.LifecycleBase.handleSubClassException Failed to initialize component [Connector["http-nio-8080"]]
	org.apache.catalina.LifecycleException: Protocol handler initialization failed
		at org.apache.catalina.connector.Connector.initInternal(Connector.java:1075)
		at org.apache.catalina.util.LifecycleBase.init(LifecycleBase.java:122)
		at org.apache.catalina.core.StandardService.initInternal(StandardService.java:522)
		at org.apache.catalina.util.LifecycleBase.init(LifecycleBase.java:122)
		at org.apache.catalina.core.StandardServer.initInternal(StandardServer.java:957)
		at org.apache.catalina.util.LifecycleBase.init(LifecycleBase.java:122)
		at org.apache.catalina.startup.Catalina.load(Catalina.java:712)
		at org.apache.catalina.startup.Catalina.load(Catalina.java:735)
		at java.base/jdk.internal.reflect.DirectMethodHandleAccessor.invoke(DirectMethodHandleAccessor.java:103)
		at java.base/java.lang.reflect.Method.invoke(Method.java:580)
		at org.apache.catalina.startup.Bootstrap.load(Bootstrap.java:302)
		at org.apache.catalina.startup.Bootstrap.main(Bootstrap.java:475)
	Caused by: java.net.BindException: Address already in use: bind
		at java.base/sun.nio.ch.Net.bind0(Native Method)
		at java.base/sun.nio.ch.Net.bind(Net.java:565)
		at java.base/sun.nio.ch.ServerSocketChannelImpl.netBind(ServerSocketChannelImpl.java:344)
		at java.base/sun.nio.ch.ServerSocketChannelImpl.bind(ServerSocketChannelImpl.java:301)
		at org.apache.tomcat.util.net.NioEndpoint.initServerSocket(NioEndpoint.java:266)
		at org.apache.tomcat.util.net.NioEndpoint.bind(NioEndpoint.java:221)
		at org.apache.tomcat.util.net.AbstractEndpoint.bindWithCleanup(AbstractEndpoint.java:1401)
		at org.apache.tomcat.util.net.AbstractEndpoint.init(AbstractEndpoint.java:1414)
		at org.apache.coyote.AbstractProtocol.init(AbstractProtocol.java:633)
		at org.apache.coyote.http11.AbstractHttp11Protocol.init(AbstractHttp11Protocol.java:82)
		at org.apache.catalina.connector.Connector.initInternal(Connector.java:1073)
		... 11 more
18-Sep-2025 16:55:55.560 INFO [main] org.apache.catalina.startup.Catalina.load Server initialization in [474] milliseconds
18-Sep-2025 16:55:55.603 INFO [main] org.apache.catalina.core.StandardService.startInternal Starting service [Catalina]
18-Sep-2025 16:55:55.603 INFO [main] org.apache.catalina.core.StandardEngine.startInternal Starting Servlet engine: [Apache Tomcat/10.1.46]
18-Sep-2025 16:55:55.613 INFO [main] org.apache.catalina.startup.HostConfig.deployDirectory Deploying web application directory [D:\Java\tomcat\webapps\dbms-project]
18-Sep-2025 16:55:56.138 INFO [main] org.apache.jasper.servlet.TldScanner.scanJars At least one JAR was scanned for TLDs yet contained no TLDs. Enable debug logging for this logger for a complete list of JARs that were scanned but no TLDs were found in them. Skipping unneeded JARs during scanning can improve startup time and JSP compilation time.
18-Sep-2025 16:55:56.180 INFO [main] org.apache.catalina.startup.HostConfig.deployDirectory Deployment of web application directory [D:\Java\tomcat\webapps\dbms-project] has finished in [567] ms
18-Sep-2025 16:55:56.185 INFO [main] org.apache.catalina.startup.HostConfig.deployDirectory Deploying web application directory [D:\Java\tomcat\webapps\docs]
18-Sep-2025 16:55:56.215 INFO [main] org.apache.catalina.startup.HostConfig.deployDirectory Deployment of web application directory [D:\Java\tomcat\webapps\docs] has finished in [35] ms
18-Sep-2025 16:55:56.215 INFO [main] org.apache.catalina.startup.HostConfig.deployDirectory Deploying web application directory [D:\Java\tomcat\webapps\manager]
18-Sep-2025 16:55:56.258 INFO [main] org.apache.catalina.startup.HostConfig.deployDirectory Deployment of web application directory [D:\Java\tomcat\webapps\manager] has finished in [43] ms
18-Sep-2025 16:55:56.258 INFO [main] org.apache.catalina.startup.HostConfig.deployDirectory Deploying web application directory [D:\Java\tomcat\webapps\ROOT]
18-Sep-2025 16:55:56.283 INFO [main] org.apache.catalina.startup.HostConfig.deployDirectory Deployment of web application directory [D:\Java\tomcat\webapps\ROOT] has finished in [25] ms
18-Sep-2025 16:55:56.287 INFO [main] org.apache.catalina.startup.Catalina.start Server startup in [725] milliseconds
18-Sep-2025 17:28:36.183 SEVERE [main] org.apache.catalina.startup.Catalina.stopServer No shutdown port configured. Shut down server through OS signal. Server not shut down.
18-Sep-2025 17:28:37.007 INFO [main] org.apache.catalina.startup.VersionLoggerListener.log Server version name:   Apache Tomcat/10.1.46
18-Sep-2025 17:28:37.010 INFO [main] org.apache.catalina.startup.VersionLoggerListener.log Server built:          Sep 8 2025 14:26:21 UTC
18-Sep-2025 17:28:37.010 INFO [main] org.apache.catalina.startup.VersionLoggerListener.log Server version number: 10.1.46.0
18-Sep-2025 17:28:37.011 INFO [main] org.apache.catalina.startup.VersionLoggerListener.log OS Name:               Windows 10
18-Sep-2025 17:28:37.011 INFO [main] org.apache.catalina.startup.VersionLoggerListener.log OS Version:            10.0
18-Sep-2025 17:28:37.011 INFO [main] org.apache.catalina.startup.VersionLoggerListener.log Architecture:          amd64
18-Sep-2025 17:28:37.011 INFO [main] org.apache.catalina.startup.VersionLoggerListener.log Java Home:             D:\Java\jdk-23.0.1
18-Sep-2025 17:28:37.011 INFO [main] org.apache.catalina.startup.VersionLoggerListener.log JVM Version:           23.0.1+11-39
18-Sep-2025 17:28:37.011 INFO [main] org.apache.catalina.startup.VersionLoggerListener.log JVM Vendor:            Oracle Corporation
18-Sep-2025 17:28:37.011 INFO [main] org.apache.catalina.startup.VersionLoggerListener.log CATALINA_BASE:         D:\Java\tomcat
18-Sep-2025 17:28:37.012 INFO [main] org.apache.catalina.startup.VersionLoggerListener.log CATALINA_HOME:         D:\Java\tomcat
18-Sep-2025 17:28:37.017 INFO [main] org.apache.catalina.startup.VersionLoggerListener.log Command line argument: -Djava.util.logging.config.file=D:\Java\tomcat\conf\logging.properties
18-Sep-2025 17:28:37.017 INFO [main] org.apache.catalina.startup.VersionLoggerListener.log Command line argument: -Djava.util.logging.manager=org.apache.juli.ClassLoaderLogManager
18-Sep-2025 17:28:37.017 INFO [main] org.apache.catalina.startup.VersionLoggerListener.log Command line argument: -Djdk.tls.ephemeralDHKeySize=2048
18-Sep-2025 17:28:37.017 INFO [main] org.apache.catalina.startup.VersionLoggerListener.log Command line argument: -Djava.protocol.handler.pkgs=org.apache.catalina.webresources
18-Sep-2025 17:28:37.017 INFO [main] org.apache.catalina.startup.VersionLoggerListener.log Command line argument: -Dsun.io.useCanonCaches=false
18-Sep-2025 17:28:37.017 INFO [main] org.apache.catalina.startup.VersionLoggerListener.log Command line argument: --add-opens=java.base/java.lang=ALL-UNNAMED
18-Sep-2025 17:28:37.017 INFO [main] org.apache.catalina.startup.VersionLoggerListener.log Command line argument: --add-opens=java.base/java.lang.reflect=ALL-UNNAMED
18-Sep-2025 17:28:37.017 INFO [main] org.apache.catalina.startup.VersionLoggerListener.log Command line argument: --add-opens=java.base/java.io=ALL-UNNAMED
18-Sep-2025 17:28:37.017 INFO [main] org.apache.catalina.startup.VersionLoggerListener.log Command line argument: --add-opens=java.base/java.util=ALL-UNNAMED
18-Sep-2025 17:28:37.017 INFO [main] org.apache.catalina.startup.VersionLoggerListener.log Command line argument: --add-opens=java.base/java.util.concurrent=ALL-UNNAMED
18-Sep-2025 17:28:37.017 INFO [main] org.apache.catalina.startup.VersionLoggerListener.log Command line argument: --add-opens=java.rmi/sun.rmi.transport=ALL-UNNAMED
18-Sep-2025 17:28:37.017 INFO [main] org.apache.catalina.startup.VersionLoggerListener.log Command line argument: -Dcatalina.base=D:\Java\tomcat
18-Sep-2025 17:28:37.017 INFO [main] org.apache.catalina.startup.VersionLoggerListener.log Command line argument: -Dcatalina.home=D:\Java\tomcat
18-Sep-2025 17:28:37.017 INFO [main] org.apache.catalina.startup.VersionLoggerListener.log Command line argument: -Djava.io.tmpdir=D:\Java\tomcat\temp
18-Sep-2025 17:28:37.033 INFO [main] org.apache.catalina.core.AprLifecycleListener.lifecycleEvent The Apache Tomcat Native library which allows using OpenSSL was not found on the java.library.path: [D:\Java\jdk-23.0.1\bin;C:\Windows\Sun\Java\bin;C:\Windows\system32;C:\Windows;C:\Program Files (x86)\Common Files\Oracle\Java\java8path;C:\Program Files (x86)\Common Files\Oracle\Java\javapath;D:\Java\jdk-23.0.1\bin;C:\Program Files\Java\jdk-22\bin;D:\Network\dbhomeXE\bin;C:\Windows\system32;C:\Windows;C:\Windows\System32\Wbem;C:\Windows\System32\WindowsPowerShell\v1.0\;C:\Windows\System32\OpenSSH\;C:\Program Files\dotnet\;C:\Program Files\Git\cmd;D:\mingw64\bin;C:\Users\Ashraf Mahmud\AppData\Local\Programs\Python\Python311;C:\Windows\Microsoft.NET\Framework64\v4.0.30319;C:\Program Files\Microsoft SQL Server\150\Tools\Binn\;C:\Program Files\Microsoft SQL Server\Client SDK\ODBC\170\Tools\Binn\;C:\Program Files\MySQL\MySQL Server 8.0\bin;C:\Program Files\CodeBlocks\MinGW\bin;D:\php;C:\ProgramData\ComposerSetup\bin;D:\Sqlite3;D:\WezTerm;D:\Java\javafx-sdk-23.0.1\lib;D:\CodeEditor\python;D:\CodeEditor\python\condabin;D:\CodeEditor\python\Scripts;D:\Program\apache-maven-3.9.10-bin\apache-maven-3.9.10\bin;;C:\Program Files\Docker\Docker\resources\bin;d:\CodeEditor\cursor\resources\app\bin;C:\ProgramData\chocolatey\bin;C:\Program Files\nodejs\;C:\Users\Ashraf Mahmud\.console-ninja\.bin;C:\Users\Ashraf Mahmud\AppData\Local\Programs\Python\Python313\Scripts\;C:\Users\Ashraf Mahmud\AppData\Local\Programs\Python\Python313\;C:\Users\Ashraf Mahmud\.cargo\bin;C:\Users\Ashraf Mahmud\scoop\shims;C:\Program Files\MySQL\MySQL Shell 8.0\bin\;C:\Users\Ashraf Mahmud\AppData\Local\Programs\Microsoft VS Code\bin;C:\Users\Ashraf Mahmud\AppData\Local\GitHubDesktop\bin;C:\Users\Ashraf Mahmud\AppData\Local\Programs\Python\Python311;C:\Users\Ashraf Mahmud\.dotnet\tools;D:\mingw64\bin;C:\Users\Ashraf Mahmud\.dotnet\tools;G:\Software\IntelliJ IDEA Community Edition 2023.2.2\bin;;C:\Program Files\CodeBlocks\MinGW\bin;G:\Software\PhpStorm 2023.2.2\bin;;D:\xampp\php;C:\Users\Ashraf Mahmud\AppData\Roaming\Composer\vendor\bin;D:\bin;C:\Users\Ashraf Mahmud\AppData\Local\Programs\oh-my-posh\bin;C:\Users\Ashraf Mahmud\bin;D:\CodeEditor\PyCharm Community Edition 2024.3.5\bin;D:\CodeEditor\cursor\resources\app\bin;C:\Users\Ashraf Mahmud\AppData\Roaming\npm;D:\Network;C:\Users\Ashraf Mahmud\.console-ninja\.bin;c:\Users\Ashraf Mahmud\AppData\Roaming\Code\User\globalStorage\github.copilot-chat\debugCommand;.]
18-Sep-2025 17:28:37.296 INFO [main] org.apache.coyote.AbstractProtocol.init Initializing ProtocolHandler ["http-nio-8080"]
18-Sep-2025 17:28:37.309 SEVERE [main] org.apache.catalina.util.LifecycleBase.handleSubClassException Failed to initialize component [Connector["http-nio-8080"]]
	org.apache.catalina.LifecycleException: Protocol handler initialization failed
		at org.apache.catalina.connector.Connector.initInternal(Connector.java:1075)
		at org.apache.catalina.util.LifecycleBase.init(LifecycleBase.java:122)
		at org.apache.catalina.core.StandardService.initInternal(StandardService.java:522)
		at org.apache.catalina.util.LifecycleBase.init(LifecycleBase.java:122)
		at org.apache.catalina.core.StandardServer.initInternal(StandardServer.java:957)
		at org.apache.catalina.util.LifecycleBase.init(LifecycleBase.java:122)
		at org.apache.catalina.startup.Catalina.load(Catalina.java:712)
		at org.apache.catalina.startup.Catalina.load(Catalina.java:735)
		at java.base/jdk.internal.reflect.DirectMethodHandleAccessor.invoke(DirectMethodHandleAccessor.java:103)
		at java.base/java.lang.reflect.Method.invoke(Method.java:580)
		at org.apache.catalina.startup.Bootstrap.load(Bootstrap.java:302)
		at org.apache.catalina.startup.Bootstrap.main(Bootstrap.java:475)
	Caused by: java.net.BindException: Address already in use: bind
		at java.base/sun.nio.ch.Net.bind0(Native Method)
		at java.base/sun.nio.ch.Net.bind(Net.java:565)
		at java.base/sun.nio.ch.ServerSocketChannelImpl.netBind(ServerSocketChannelImpl.java:344)
		at java.base/sun.nio.ch.ServerSocketChannelImpl.bind(ServerSocketChannelImpl.java:301)
		at org.apache.tomcat.util.net.NioEndpoint.initServerSocket(NioEndpoint.java:266)
		at org.apache.tomcat.util.net.NioEndpoint.bind(NioEndpoint.java:221)
		at org.apache.tomcat.util.net.AbstractEndpoint.bindWithCleanup(AbstractEndpoint.java:1401)
		at org.apache.tomcat.util.net.AbstractEndpoint.init(AbstractEndpoint.java:1414)
		at org.apache.coyote.AbstractProtocol.init(AbstractProtocol.java:633)
		at org.apache.coyote.http11.AbstractHttp11Protocol.init(AbstractHttp11Protocol.java:82)
		at org.apache.catalina.connector.Connector.initInternal(Connector.java:1073)
		... 11 more
18-Sep-2025 17:28:37.312 INFO [main] org.apache.catalina.startup.Catalina.load Server initialization in [438] milliseconds
18-Sep-2025 17:28:37.352 INFO [main] org.apache.catalina.core.StandardService.startInternal Starting service [Catalina]
18-Sep-2025 17:28:37.353 INFO [main] org.apache.catalina.core.StandardEngine.startInternal Starting Servlet engine: [Apache Tomcat/10.1.46]
18-Sep-2025 17:28:37.360 INFO [main] org.apache.catalina.startup.HostConfig.deployDirectory Deploying web application directory [D:\Java\tomcat\webapps\dbms-project]
18-Sep-2025 17:28:37.837 INFO [main] org.apache.jasper.servlet.TldScanner.scanJars At least one JAR was scanned for TLDs yet contained no TLDs. Enable debug logging for this logger for a complete list of JARs that were scanned but no TLDs were found in them. Skipping unneeded JARs during scanning can improve startup time and JSP compilation time.
18-Sep-2025 17:28:37.879 INFO [main] org.apache.catalina.startup.HostConfig.deployDirectory Deployment of web application directory [D:\Java\tomcat\webapps\dbms-project] has finished in [519] ms
18-Sep-2025 17:28:37.879 INFO [main] org.apache.catalina.startup.HostConfig.deployDirectory Deploying web application directory [D:\Java\tomcat\webapps\docs]
18-Sep-2025 17:28:38.052 INFO [main] org.apache.jasper.servlet.TldScanner.scanJars At least one JAR was scanned for TLDs yet contained no TLDs. Enable debug logging for this logger for a complete list of JARs that were scanned but no TLDs were found in them. Skipping unneeded JARs during scanning can improve startup time and JSP compilation time.
18-Sep-2025 17:28:38.052 INFO [main] org.apache.catalina.startup.HostConfig.deployDirectory Deployment of web application directory [D:\Java\tomcat\webapps\docs] has finished in [173] ms
18-Sep-2025 17:28:38.052 INFO [main] org.apache.catalina.startup.HostConfig.deployDirectory Deploying web application directory [D:\Java\tomcat\webapps\manager]
18-Sep-2025 17:28:38.236 INFO [main] org.apache.jasper.servlet.TldScanner.scanJars At least one JAR was scanned for TLDs yet contained no TLDs. Enable debug logging for this logger for a complete list of JARs that were scanned but no TLDs were found in them. Skipping unneeded JARs during scanning can improve startup time and JSP compilation time.
18-Sep-2025 17:28:38.252 INFO [main] org.apache.catalina.startup.HostConfig.deployDirectory Deployment of web application directory [D:\Java\tomcat\webapps\manager] has finished in [200] ms
18-Sep-2025 17:28:38.252 INFO [main] org.apache.catalina.startup.HostConfig.deployDirectory Deploying web application directory [D:\Java\tomcat\webapps\ROOT]
18-Sep-2025 17:28:38.411 INFO [main] org.apache.jasper.servlet.TldScanner.scanJars At least one JAR was scanned for TLDs yet contained no TLDs. Enable debug logging for this logger for a complete list of JARs that were scanned but no TLDs were found in them. Skipping unneeded JARs during scanning can improve startup time and JSP compilation time.
18-Sep-2025 17:28:38.411 INFO [main] org.apache.catalina.startup.HostConfig.deployDirectory Deployment of web application directory [D:\Java\tomcat\webapps\ROOT] has finished in [159] ms
18-Sep-2025 17:28:38.411 INFO [main] org.apache.catalina.startup.Catalina.start Server startup in [1112] milliseconds
18-Sep-2025 17:29:27.076 SEVERE [main] org.apache.catalina.startup.Catalina.stopServer No shutdown port configured. Shut down server through OS signal. Server not shut down.
18-Sep-2025 17:29:27.831 INFO [main] org.apache.catalina.startup.VersionLoggerListener.log Server version name:   Apache Tomcat/10.1.46
18-Sep-2025 17:29:27.835 INFO [main] org.apache.catalina.startup.VersionLoggerListener.log Server built:          Sep 8 2025 14:26:21 UTC
18-Sep-2025 17:29:27.835 INFO [main] org.apache.catalina.startup.VersionLoggerListener.log Server version number: 10.1.46.0
18-Sep-2025 17:29:27.835 INFO [main] org.apache.catalina.startup.VersionLoggerListener.log OS Name:               Windows 10
18-Sep-2025 17:29:27.835 INFO [main] org.apache.catalina.startup.VersionLoggerListener.log OS Version:            10.0
18-Sep-2025 17:29:27.835 INFO [main] org.apache.catalina.startup.VersionLoggerListener.log Architecture:          amd64
18-Sep-2025 17:29:27.835 INFO [main] org.apache.catalina.startup.VersionLoggerListener.log Java Home:             D:\Java\jdk-23.0.1
18-Sep-2025 17:29:27.835 INFO [main] org.apache.catalina.startup.VersionLoggerListener.log JVM Version:           23.0.1+11-39
18-Sep-2025 17:29:27.835 INFO [main] org.apache.catalina.startup.VersionLoggerListener.log JVM Vendor:            Oracle Corporation
18-Sep-2025 17:29:27.835 INFO [main] org.apache.catalina.startup.VersionLoggerListener.log CATALINA_BASE:         D:\Java\tomcat
18-Sep-2025 17:29:27.835 INFO [main] org.apache.catalina.startup.VersionLoggerListener.log CATALINA_HOME:         D:\Java\tomcat
18-Sep-2025 17:29:27.844 INFO [main] org.apache.catalina.startup.VersionLoggerListener.log Command line argument: -Djava.util.logging.config.file=D:\Java\tomcat\conf\logging.properties
18-Sep-2025 17:29:27.844 INFO [main] org.apache.catalina.startup.VersionLoggerListener.log Command line argument: -Djava.util.logging.manager=org.apache.juli.ClassLoaderLogManager
18-Sep-2025 17:29:27.844 INFO [main] org.apache.catalina.startup.VersionLoggerListener.log Command line argument: -Djdk.tls.ephemeralDHKeySize=2048
18-Sep-2025 17:29:27.844 INFO [main] org.apache.catalina.startup.VersionLoggerListener.log Command line argument: -Djava.protocol.handler.pkgs=org.apache.catalina.webresources
18-Sep-2025 17:29:27.844 INFO [main] org.apache.catalina.startup.VersionLoggerListener.log Command line argument: -Dsun.io.useCanonCaches=false
18-Sep-2025 17:29:27.844 INFO [main] org.apache.catalina.startup.VersionLoggerListener.log Command line argument: --add-opens=java.base/java.lang=ALL-UNNAMED
18-Sep-2025 17:29:27.844 INFO [main] org.apache.catalina.startup.VersionLoggerListener.log Command line argument: --add-opens=java.base/java.lang.reflect=ALL-UNNAMED
18-Sep-2025 17:29:27.844 INFO [main] org.apache.catalina.startup.VersionLoggerListener.log Command line argument: --add-opens=java.base/java.io=ALL-UNNAMED
18-Sep-2025 17:29:27.844 INFO [main] org.apache.catalina.startup.VersionLoggerListener.log Command line argument: --add-opens=java.base/java.util=ALL-UNNAMED
18-Sep-2025 17:29:27.844 INFO [main] org.apache.catalina.startup.VersionLoggerListener.log Command line argument: --add-opens=java.base/java.util.concurrent=ALL-UNNAMED
18-Sep-2025 17:29:27.844 INFO [main] org.apache.catalina.startup.VersionLoggerListener.log Command line argument: --add-opens=java.rmi/sun.rmi.transport=ALL-UNNAMED
18-Sep-2025 17:29:27.844 INFO [main] org.apache.catalina.startup.VersionLoggerListener.log Command line argument: -Dcatalina.base=D:\Java\tomcat
18-Sep-2025 17:29:27.844 INFO [main] org.apache.catalina.startup.VersionLoggerListener.log Command line argument: -Dcatalina.home=D:\Java\tomcat
18-Sep-2025 17:29:27.844 INFO [main] org.apache.catalina.startup.VersionLoggerListener.log Command line argument: -Djava.io.tmpdir=D:\Java\tomcat\temp
18-Sep-2025 17:29:27.851 INFO [main] org.apache.catalina.core.AprLifecycleListener.lifecycleEvent The Apache Tomcat Native library which allows using OpenSSL was not found on the java.library.path: [D:\Java\jdk-23.0.1\bin;C:\Windows\Sun\Java\bin;C:\Windows\system32;C:\Windows;C:\Program Files (x86)\Common Files\Oracle\Java\java8path;C:\Program Files (x86)\Common Files\Oracle\Java\javapath;D:\Java\jdk-23.0.1\bin;C:\Program Files\Java\jdk-22\bin;D:\Network\dbhomeXE\bin;C:\Windows\system32;C:\Windows;C:\Windows\System32\Wbem;C:\Windows\System32\WindowsPowerShell\v1.0\;C:\Windows\System32\OpenSSH\;C:\Program Files\dotnet\;C:\Program Files\Git\cmd;D:\mingw64\bin;C:\Users\Ashraf Mahmud\AppData\Local\Programs\Python\Python311;C:\Windows\Microsoft.NET\Framework64\v4.0.30319;C:\Program Files\Microsoft SQL Server\150\Tools\Binn\;C:\Program Files\Microsoft SQL Server\Client SDK\ODBC\170\Tools\Binn\;C:\Program Files\MySQL\MySQL Server 8.0\bin;C:\Program Files\CodeBlocks\MinGW\bin;D:\php;C:\ProgramData\ComposerSetup\bin;D:\Sqlite3;D:\WezTerm;D:\Java\javafx-sdk-23.0.1\lib;D:\CodeEditor\python;D:\CodeEditor\python\condabin;D:\CodeEditor\python\Scripts;D:\Program\apache-maven-3.9.10-bin\apache-maven-3.9.10\bin;;C:\Program Files\Docker\Docker\resources\bin;d:\CodeEditor\cursor\resources\app\bin;C:\ProgramData\chocolatey\bin;C:\Program Files\nodejs\;C:\Users\Ashraf Mahmud\.console-ninja\.bin;C:\Users\Ashraf Mahmud\AppData\Local\Programs\Python\Python313\Scripts\;C:\Users\Ashraf Mahmud\AppData\Local\Programs\Python\Python313\;C:\Users\Ashraf Mahmud\.cargo\bin;C:\Users\Ashraf Mahmud\scoop\shims;C:\Program Files\MySQL\MySQL Shell 8.0\bin\;C:\Users\Ashraf Mahmud\AppData\Local\Programs\Microsoft VS Code\bin;C:\Users\Ashraf Mahmud\AppData\Local\GitHubDesktop\bin;C:\Users\Ashraf Mahmud\AppData\Local\Programs\Python\Python311;C:\Users\Ashraf Mahmud\.dotnet\tools;D:\mingw64\bin;C:\Users\Ashraf Mahmud\.dotnet\tools;G:\Software\IntelliJ IDEA Community Edition 2023.2.2\bin;;C:\Program Files\CodeBlocks\MinGW\bin;G:\Software\PhpStorm 2023.2.2\bin;;D:\xampp\php;C:\Users\Ashraf Mahmud\AppData\Roaming\Composer\vendor\bin;D:\bin;C:\Users\Ashraf Mahmud\AppData\Local\Programs\oh-my-posh\bin;C:\Users\Ashraf Mahmud\bin;D:\CodeEditor\PyCharm Community Edition 2024.3.5\bin;D:\CodeEditor\cursor\resources\app\bin;C:\Users\Ashraf Mahmud\AppData\Roaming\npm;D:\Network;C:\Users\Ashraf Mahmud\.console-ninja\.bin;c:\Users\Ashraf Mahmud\AppData\Roaming\Code\User\globalStorage\github.copilot-chat\debugCommand;.]
18-Sep-2025 17:29:28.086 INFO [main] org.apache.coyote.AbstractProtocol.init Initializing ProtocolHandler ["http-nio-8080"]
18-Sep-2025 17:29:28.094 SEVERE [main] org.apache.catalina.util.LifecycleBase.handleSubClassException Failed to initialize component [Connector["http-nio-8080"]]
	org.apache.catalina.LifecycleException: Protocol handler initialization failed
		at org.apache.catalina.connector.Connector.initInternal(Connector.java:1075)
		at org.apache.catalina.util.LifecycleBase.init(LifecycleBase.java:122)
		at org.apache.catalina.core.StandardService.initInternal(StandardService.java:522)
		at org.apache.catalina.util.LifecycleBase.init(LifecycleBase.java:122)
		at org.apache.catalina.core.StandardServer.initInternal(StandardServer.java:957)
		at org.apache.catalina.util.LifecycleBase.init(LifecycleBase.java:122)
		at org.apache.catalina.startup.Catalina.load(Catalina.java:712)
		at org.apache.catalina.startup.Catalina.load(Catalina.java:735)
		at java.base/jdk.internal.reflect.DirectMethodHandleAccessor.invoke(DirectMethodHandleAccessor.java:103)
		at java.base/java.lang.reflect.Method.invoke(Method.java:580)
		at org.apache.catalina.startup.Bootstrap.load(Bootstrap.java:302)
		at org.apache.catalina.startup.Bootstrap.main(Bootstrap.java:475)
	Caused by: java.net.BindException: Address already in use: bind
		at java.base/sun.nio.ch.Net.bind0(Native Method)
		at java.base/sun.nio.ch.Net.bind(Net.java:565)
		at java.base/sun.nio.ch.ServerSocketChannelImpl.netBind(ServerSocketChannelImpl.java:344)
		at java.base/sun.nio.ch.ServerSocketChannelImpl.bind(ServerSocketChannelImpl.java:301)
		at org.apache.tomcat.util.net.NioEndpoint.initServerSocket(NioEndpoint.java:266)
		at org.apache.tomcat.util.net.NioEndpoint.bind(NioEndpoint.java:221)
		at org.apache.tomcat.util.net.AbstractEndpoint.bindWithCleanup(AbstractEndpoint.java:1401)
		at org.apache.tomcat.util.net.AbstractEndpoint.init(AbstractEndpoint.java:1414)
		at org.apache.coyote.AbstractProtocol.init(AbstractProtocol.java:633)
		at org.apache.coyote.http11.AbstractHttp11Protocol.init(AbstractHttp11Protocol.java:82)
		at org.apache.catalina.connector.Connector.initInternal(Connector.java:1073)
		... 11 more
18-Sep-2025 17:29:28.100 INFO [main] org.apache.catalina.startup.Catalina.load Server initialization in [398] milliseconds
18-Sep-2025 17:29:28.143 INFO [main] org.apache.catalina.core.StandardService.startInternal Starting service [Catalina]
18-Sep-2025 17:29:28.143 INFO [main] org.apache.catalina.core.StandardEngine.startInternal Starting Servlet engine: [Apache Tomcat/10.1.46]
18-Sep-2025 17:29:28.153 INFO [main] org.apache.catalina.startup.HostConfig.deployDirectory Deploying web application directory [D:\Java\tomcat\webapps\dbms-project]
18-Sep-2025 17:29:28.640 INFO [main] org.apache.jasper.servlet.TldScanner.scanJars At least one JAR was scanned for TLDs yet contained no TLDs. Enable debug logging for this logger for a complete list of JARs that were scanned but no TLDs were found in them. Skipping unneeded JARs during scanning can improve startup time and JSP compilation time.
18-Sep-2025 17:29:28.676 INFO [main] org.apache.catalina.startup.HostConfig.deployDirectory Deployment of web application directory [D:\Java\tomcat\webapps\dbms-project] has finished in [523] ms
18-Sep-2025 17:29:28.676 INFO [main] org.apache.catalina.startup.HostConfig.deployDirectory Deploying web application directory [D:\Java\tomcat\webapps\docs]
18-Sep-2025 17:29:28.852 INFO [main] org.apache.jasper.servlet.TldScanner.scanJars At least one JAR was scanned for TLDs yet contained no TLDs. Enable debug logging for this logger for a complete list of JARs that were scanned but no TLDs were found in them. Skipping unneeded JARs during scanning can improve startup time and JSP compilation time.
18-Sep-2025 17:29:28.852 INFO [main] org.apache.catalina.startup.HostConfig.deployDirectory Deployment of web application directory [D:\Java\tomcat\webapps\docs] has finished in [176] ms
18-Sep-2025 17:29:28.852 INFO [main] org.apache.catalina.startup.HostConfig.deployDirectory Deploying web application directory [D:\Java\tomcat\webapps\manager]
18-Sep-2025 17:29:29.019 INFO [main] org.apache.jasper.servlet.TldScanner.scanJars At least one JAR was scanned for TLDs yet contained no TLDs. Enable debug logging for this logger for a complete list of JARs that were scanned but no TLDs were found in them. Skipping unneeded JARs during scanning can improve startup time and JSP compilation time.
18-Sep-2025 17:29:29.041 INFO [main] org.apache.catalina.startup.HostConfig.deployDirectory Deployment of web application directory [D:\Java\tomcat\webapps\manager] has finished in [188] ms
18-Sep-2025 17:29:29.041 INFO [main] org.apache.catalina.startup.HostConfig.deployDirectory Deploying web application directory [D:\Java\tomcat\webapps\ROOT]
18-Sep-2025 17:29:29.207 INFO [main] org.apache.jasper.servlet.TldScanner.scanJars At least one JAR was scanned for TLDs yet contained no TLDs. Enable debug logging for this logger for a complete list of JARs that were scanned but no TLDs were found in them. Skipping unneeded JARs during scanning can improve startup time and JSP compilation time.
18-Sep-2025 17:29:29.210 INFO [main] org.apache.catalina.startup.HostConfig.deployDirectory Deployment of web application directory [D:\Java\tomcat\webapps\ROOT] has finished in [169] ms
18-Sep-2025 17:29:29.214 INFO [main] org.apache.catalina.startup.Catalina.start Server startup in [1113] milliseconds
18-Sep-2025 17:51:30.252 SEVERE [main] org.apache.catalina.startup.Catalina.stopServer No shutdown port configured. Shut down server through OS signal. Server not shut down.
18-Sep-2025 17:51:31.571 INFO [main] org.apache.catalina.startup.VersionLoggerListener.log Server version name:   Apache Tomcat/10.1.46
18-Sep-2025 17:51:31.571 INFO [main] org.apache.catalina.startup.VersionLoggerListener.log Server built:          Sep 8 2025 14:26:21 UTC
18-Sep-2025 17:51:31.571 INFO [main] org.apache.catalina.startup.VersionLoggerListener.log Server version number: 10.1.46.0
18-Sep-2025 17:51:31.571 INFO [main] org.apache.catalina.startup.VersionLoggerListener.log OS Name:               Windows 10
18-Sep-2025 17:51:31.571 INFO [main] org.apache.catalina.startup.VersionLoggerListener.log OS Version:            10.0
18-Sep-2025 17:51:31.571 INFO [main] org.apache.catalina.startup.VersionLoggerListener.log Architecture:          amd64
18-Sep-2025 17:51:31.571 INFO [main] org.apache.catalina.startup.VersionLoggerListener.log Java Home:             D:\Java\jdk-23.0.1
18-Sep-2025 17:51:31.571 INFO [main] org.apache.catalina.startup.VersionLoggerListener.log JVM Version:           23.0.1+11-39
18-Sep-2025 17:51:31.571 INFO [main] org.apache.catalina.startup.VersionLoggerListener.log JVM Vendor:            Oracle Corporation
18-Sep-2025 17:51:31.571 INFO [main] org.apache.catalina.startup.VersionLoggerListener.log CATALINA_BASE:         D:\Java\tomcat
18-Sep-2025 17:51:31.571 INFO [main] org.apache.catalina.startup.VersionLoggerListener.log CATALINA_HOME:         D:\Java\tomcat
18-Sep-2025 17:51:31.588 INFO [main] org.apache.catalina.startup.VersionLoggerListener.log Command line argument: -Djava.util.logging.config.file=D:\Java\tomcat\conf\logging.properties
18-Sep-2025 17:51:31.588 INFO [main] org.apache.catalina.startup.VersionLoggerListener.log Command line argument: -Djava.util.logging.manager=org.apache.juli.ClassLoaderLogManager
18-Sep-2025 17:51:31.588 INFO [main] org.apache.catalina.startup.VersionLoggerListener.log Command line argument: -Djdk.tls.ephemeralDHKeySize=2048
18-Sep-2025 17:51:31.588 INFO [main] org.apache.catalina.startup.VersionLoggerListener.log Command line argument: -Djava.protocol.handler.pkgs=org.apache.catalina.webresources
18-Sep-2025 17:51:31.588 INFO [main] org.apache.catalina.startup.VersionLoggerListener.log Command line argument: -Dsun.io.useCanonCaches=false
18-Sep-2025 17:51:31.588 INFO [main] org.apache.catalina.startup.VersionLoggerListener.log Command line argument: --add-opens=java.base/java.lang=ALL-UNNAMED
18-Sep-2025 17:51:31.588 INFO [main] org.apache.catalina.startup.VersionLoggerListener.log Command line argument: --add-opens=java.base/java.lang.reflect=ALL-UNNAMED
18-Sep-2025 17:51:31.588 INFO [main] org.apache.catalina.startup.VersionLoggerListener.log Command line argument: --add-opens=java.base/java.io=ALL-UNNAMED
18-Sep-2025 17:51:31.588 INFO [main] org.apache.catalina.startup.VersionLoggerListener.log Command line argument: --add-opens=java.base/java.util=ALL-UNNAMED
18-Sep-2025 17:51:31.588 INFO [main] org.apache.catalina.startup.VersionLoggerListener.log Command line argument: --add-opens=java.base/java.util.concurrent=ALL-UNNAMED
18-Sep-2025 17:51:31.588 INFO [main] org.apache.catalina.startup.VersionLoggerListener.log Command line argument: --add-opens=java.rmi/sun.rmi.transport=ALL-UNNAMED
18-Sep-2025 17:51:31.588 INFO [main] org.apache.catalina.startup.VersionLoggerListener.log Command line argument: -Dcatalina.base=D:\Java\tomcat
18-Sep-2025 17:51:31.588 INFO [main] org.apache.catalina.startup.VersionLoggerListener.log Command line argument: -Dcatalina.home=D:\Java\tomcat
18-Sep-2025 17:51:31.588 INFO [main] org.apache.catalina.startup.VersionLoggerListener.log Command line argument: -Djava.io.tmpdir=D:\Java\tomcat\temp
18-Sep-2025 17:51:31.597 INFO [main] org.apache.catalina.core.AprLifecycleListener.lifecycleEvent The Apache Tomcat Native library which allows using OpenSSL was not found on the java.library.path: [D:\Java\jdk-23.0.1\bin;C:\Windows\Sun\Java\bin;C:\Windows\system32;C:\Windows;C:\Program Files (x86)\Common Files\Oracle\Java\java8path;C:\Program Files (x86)\Common Files\Oracle\Java\javapath;D:\Java\jdk-23.0.1\bin;C:\Program Files\Java\jdk-22\bin;D:\Network\dbhomeXE\bin;C:\Windows\system32;C:\Windows;C:\Windows\System32\Wbem;C:\Windows\System32\WindowsPowerShell\v1.0\;C:\Windows\System32\OpenSSH\;C:\Program Files\dotnet\;C:\Program Files\Git\cmd;D:\mingw64\bin;C:\Users\Ashraf Mahmud\AppData\Local\Programs\Python\Python311;C:\Windows\Microsoft.NET\Framework64\v4.0.30319;C:\Program Files\Microsoft SQL Server\150\Tools\Binn\;C:\Program Files\Microsoft SQL Server\Client SDK\ODBC\170\Tools\Binn\;C:\Program Files\MySQL\MySQL Server 8.0\bin;C:\Program Files\CodeBlocks\MinGW\bin;D:\php;C:\ProgramData\ComposerSetup\bin;D:\Sqlite3;D:\WezTerm;D:\Java\javafx-sdk-23.0.1\lib;D:\CodeEditor\python;D:\CodeEditor\python\condabin;D:\CodeEditor\python\Scripts;D:\Program\apache-maven-3.9.10-bin\apache-maven-3.9.10\bin;;C:\Program Files\Docker\Docker\resources\bin;d:\CodeEditor\cursor\resources\app\bin;C:\ProgramData\chocolatey\bin;C:\Program Files\nodejs\;C:\Users\Ashraf Mahmud\.console-ninja\.bin;C:\Users\Ashraf Mahmud\AppData\Local\Programs\Python\Python313\Scripts\;C:\Users\Ashraf Mahmud\AppData\Local\Programs\Python\Python313\;C:\Users\Ashraf Mahmud\.cargo\bin;C:\Users\Ashraf Mahmud\scoop\shims;C:\Program Files\MySQL\MySQL Shell 8.0\bin\;C:\Users\Ashraf Mahmud\AppData\Local\Programs\Microsoft VS Code\bin;C:\Users\Ashraf Mahmud\AppData\Local\GitHubDesktop\bin;C:\Users\Ashraf Mahmud\AppData\Local\Programs\Python\Python311;C:\Users\Ashraf Mahmud\.dotnet\tools;D:\mingw64\bin;C:\Users\Ashraf Mahmud\.dotnet\tools;G:\Software\IntelliJ IDEA Community Edition 2023.2.2\bin;;C:\Program Files\CodeBlocks\MinGW\bin;G:\Software\PhpStorm 2023.2.2\bin;;D:\xampp\php;C:\Users\Ashraf Mahmud\AppData\Roaming\Composer\vendor\bin;D:\bin;C:\Users\Ashraf Mahmud\AppData\Local\Programs\oh-my-posh\bin;C:\Users\Ashraf Mahmud\bin;D:\CodeEditor\PyCharm Community Edition 2024.3.5\bin;D:\CodeEditor\cursor\resources\app\bin;C:\Users\Ashraf Mahmud\AppData\Roaming\npm;D:\Network;C:\Users\Ashraf Mahmud\.console-ninja\.bin;c:\Users\Ashraf Mahmud\AppData\Roaming\Code\User\globalStorage\github.copilot-chat\debugCommand;.]
18-Sep-2025 17:51:31.920 INFO [main] org.apache.coyote.AbstractProtocol.init Initializing ProtocolHandler ["http-nio-8080"]
18-Sep-2025 17:51:31.972 INFO [main] org.apache.catalina.startup.Catalina.load Server initialization in [548] milliseconds
18-Sep-2025 17:51:32.005 INFO [main] org.apache.catalina.core.StandardService.startInternal Starting service [Catalina]
18-Sep-2025 17:51:32.005 INFO [main] org.apache.catalina.core.StandardEngine.startInternal Starting Servlet engine: [Apache Tomcat/10.1.46]
18-Sep-2025 17:51:32.024 INFO [main] org.apache.catalina.startup.HostConfig.deployDirectory Deploying web application directory [D:\Java\tomcat\webapps\dbms-project]
18-Sep-2025 17:51:32.605 INFO [main] org.apache.jasper.servlet.TldScanner.scanJars At least one JAR was scanned for TLDs yet contained no TLDs. Enable debug logging for this logger for a complete list of JARs that were scanned but no TLDs were found in them. Skipping unneeded JARs during scanning can improve startup time and JSP compilation time.
18-Sep-2025 17:51:32.646 INFO [main] org.apache.catalina.startup.HostConfig.deployDirectory Deployment of web application directory [D:\Java\tomcat\webapps\dbms-project] has finished in [622] ms
18-Sep-2025 17:51:32.646 INFO [main] org.apache.catalina.startup.HostConfig.deployDirectory Deploying web application directory [D:\Java\tomcat\webapps\docs]
18-Sep-2025 17:51:32.832 INFO [main] org.apache.jasper.servlet.TldScanner.scanJars At least one JAR was scanned for TLDs yet contained no TLDs. Enable debug logging for this logger for a complete list of JARs that were scanned but no TLDs were found in them. Skipping unneeded JARs during scanning can improve startup time and JSP compilation time.
18-Sep-2025 17:51:32.835 INFO [main] org.apache.catalina.startup.HostConfig.deployDirectory Deployment of web application directory [D:\Java\tomcat\webapps\docs] has finished in [189] ms
18-Sep-2025 17:51:32.835 INFO [main] org.apache.catalina.startup.HostConfig.deployDirectory Deploying web application directory [D:\Java\tomcat\webapps\manager]
18-Sep-2025 17:51:33.014 INFO [main] org.apache.jasper.servlet.TldScanner.scanJars At least one JAR was scanned for TLDs yet contained no TLDs. Enable debug logging for this logger for a complete list of JARs that were scanned but no TLDs were found in them. Skipping unneeded JARs during scanning can improve startup time and JSP compilation time.
18-Sep-2025 17:51:33.025 INFO [main] org.apache.catalina.startup.HostConfig.deployDirectory Deployment of web application directory [D:\Java\tomcat\webapps\manager] has finished in [190] ms
18-Sep-2025 17:51:33.025 INFO [main] org.apache.catalina.startup.HostConfig.deployDirectory Deploying web application directory [D:\Java\tomcat\webapps\ROOT]
18-Sep-2025 17:51:33.197 INFO [main] org.apache.jasper.servlet.TldScanner.scanJars At least one JAR was scanned for TLDs yet contained no TLDs. Enable debug logging for this logger for a complete list of JARs that were scanned but no TLDs were found in them. Skipping unneeded JARs during scanning can improve startup time and JSP compilation time.
18-Sep-2025 17:51:33.200 INFO [main] org.apache.catalina.startup.HostConfig.deployDirectory Deployment of web application directory [D:\Java\tomcat\webapps\ROOT] has finished in [175] ms
18-Sep-2025 17:51:33.203 INFO [main] org.apache.coyote.AbstractProtocol.start Starting ProtocolHandler ["http-nio-8080"]
18-Sep-2025 17:51:33.221 INFO [main] org.apache.catalina.startup.Catalina.start Server startup in [1255] milliseconds
18-Sep-2025 17:53:40.040 SEVERE [main] org.apache.catalina.startup.Catalina.stopServer No shutdown port configured. Shut down server through OS signal. Server not shut down.
18-Sep-2025 17:53:40.405 SEVERE [http-nio-8080-exec-3] org.apache.jasper.compiler.JDTCompiler$1CompilationUnit.getContents Error loading source file [D:\Java\tomcat\work\Catalina\localhost\dbms-project\org\apache\jsp\login_005fprocess_jsp.java]
	java.io.FileNotFoundException: D:\Java\tomcat\work\Catalina\localhost\dbms-project\org\apache\jsp\login_005fprocess_jsp.java (The system cannot find the path specified)
		at java.base/java.io.FileInputStream.open0(Native Method)
		at java.base/java.io.FileInputStream.open(FileInputStream.java:219)
		at java.base/java.io.FileInputStream.<init>(FileInputStream.java:159)
		at java.base/java.io.FileInputStream.<init>(FileInputStream.java:112)
		at org.apache.jasper.compiler.JDTCompiler$1CompilationUnit.getContents(JDTCompiler.java:106)
		at org.eclipse.jdt.internal.compiler.parser.Parser.parse(Parser.java:13392)
		at org.eclipse.jdt.internal.compiler.parser.Parser.parse(Parser.java:13364)
		at org.eclipse.jdt.internal.compiler.parser.Parser.dietParse(Parser.java:11750)
		at org.eclipse.jdt.internal.compiler.Compiler.internalBeginToCompile(Compiler.java:851)
		at org.eclipse.jdt.internal.compiler.Compiler.beginToCompile(Compiler.java:394)
		at org.eclipse.jdt.internal.compiler.Compiler.compile(Compiler.java:444)
		at org.eclipse.jdt.internal.compiler.Compiler.compile(Compiler.java:426)
		at org.apache.jasper.compiler.JDTCompiler.generateClass(JDTCompiler.java:544)
		at org.apache.jasper.compiler.Compiler.compile(Compiler.java:374)
		at org.apache.jasper.compiler.Compiler.compile(Compiler.java:346)
		at org.apache.jasper.compiler.Compiler.compile(Compiler.java:332)
		at org.apache.jasper.JspCompilationContext.compile(JspCompilationContext.java:592)
		at org.apache.jasper.servlet.JspServletWrapper.service(JspServletWrapper.java:375)
		at org.apache.jasper.servlet.JspServlet.serviceJspFile(JspServlet.java:356)
		at org.apache.jasper.servlet.JspServlet.service(JspServlet.java:307)
		at jakarta.servlet.http.HttpServlet.service(HttpServlet.java:658)
		at org.apache.catalina.core.ApplicationFilterChain.internalDoFilter(ApplicationFilterChain.java:195)
		at org.apache.catalina.core.ApplicationFilterChain.doFilter(ApplicationFilterChain.java:140)
		at org.apache.tomcat.websocket.server.WsFilter.doFilter(WsFilter.java:51)
		at org.apache.catalina.core.ApplicationFilterChain.internalDoFilter(ApplicationFilterChain.java:164)
		at org.apache.catalina.core.ApplicationFilterChain.doFilter(ApplicationFilterChain.java:140)
		at com.academic.filters.AuthFilter.doFilter(AuthFilter.java:102)
		at org.apache.catalina.core.ApplicationFilterChain.internalDoFilter(ApplicationFilterChain.java:164)
		at org.apache.catalina.core.ApplicationFilterChain.doFilter(ApplicationFilterChain.java:140)
		at org.apache.catalina.core.StandardWrapperValve.invoke(StandardWrapperValve.java:167)
		at org.apache.catalina.core.StandardContextValve.invoke(StandardContextValve.java:90)
		at org.apache.catalina.authenticator.AuthenticatorBase.invoke(AuthenticatorBase.java:483)
		at org.apache.catalina.core.StandardHostValve.invoke(StandardHostValve.java:116)
		at org.apache.catalina.valves.ErrorReportValve.invoke(ErrorReportValve.java:93)
		at org.apache.catalina.valves.AbstractAccessLogValve.invoke(AbstractAccessLogValve.java:666)
		at org.apache.catalina.core.StandardEngineValve.invoke(StandardEngineValve.java:74)
		at org.apache.catalina.connector.CoyoteAdapter.service(CoyoteAdapter.java:344)
		at org.apache.coyote.http11.Http11Processor.service(Http11Processor.java:398)
		at org.apache.coyote.AbstractProcessorLight.process(AbstractProcessorLight.java:63)
		at org.apache.coyote.AbstractProtocol$ConnectionHandler.process(AbstractProtocol.java:903)
		at org.apache.tomcat.util.net.NioEndpoint$SocketProcessor.doRun(NioEndpoint.java:1776)
		at org.apache.tomcat.util.net.SocketProcessorBase.run(SocketProcessorBase.java:52)
		at org.apache.tomcat.util.threads.ThreadPoolExecutor.runWorker(ThreadPoolExecutor.java:975)
		at org.apache.tomcat.util.threads.ThreadPoolExecutor$Worker.run(ThreadPoolExecutor.java:493)
		at org.apache.tomcat.util.threads.TaskThread$WrappingRunnable.run(TaskThread.java:63)
		at java.base/java.lang.Thread.run(Thread.java:1575)
18-Sep-2025 17:53:40.419 SEVERE [http-nio-8080-exec-3] org.apache.jasper.compiler.JDTCompiler$1CompilationUnit.getContents Error loading source file [D:\Java\tomcat\work\Catalina\localhost\dbms-project\org\apache\jsp\login_005fprocess_jsp.java]
	java.io.FileNotFoundException: D:\Java\tomcat\work\Catalina\localhost\dbms-project\org\apache\jsp\login_005fprocess_jsp.java (The system cannot find the path specified)
		at java.base/java.io.FileInputStream.open0(Native Method)
		at java.base/java.io.FileInputStream.open(FileInputStream.java:219)
		at java.base/java.io.FileInputStream.<init>(FileInputStream.java:159)
		at java.base/java.io.FileInputStream.<init>(FileInputStream.java:112)
		at org.apache.jasper.compiler.JDTCompiler$1CompilationUnit.getContents(JDTCompiler.java:106)
		at org.eclipse.jdt.internal.compiler.parser.Parser.getMethodBodies(Parser.java:12162)
		at org.eclipse.jdt.internal.compiler.Compiler.process(Compiler.java:891)
		at org.eclipse.jdt.internal.compiler.Compiler.processCompiledUnits(Compiler.java:575)
		at org.eclipse.jdt.internal.compiler.Compiler.compile(Compiler.java:475)
		at org.eclipse.jdt.internal.compiler.Compiler.compile(Compiler.java:426)
		at org.apache.jasper.compiler.JDTCompiler.generateClass(JDTCompiler.java:544)
		at org.apache.jasper.compiler.Compiler.compile(Compiler.java:374)
		at org.apache.jasper.compiler.Compiler.compile(Compiler.java:346)
		at org.apache.jasper.compiler.Compiler.compile(Compiler.java:332)
		at org.apache.jasper.JspCompilationContext.compile(JspCompilationContext.java:592)
		at org.apache.jasper.servlet.JspServletWrapper.service(JspServletWrapper.java:375)
		at org.apache.jasper.servlet.JspServlet.serviceJspFile(JspServlet.java:356)
		at org.apache.jasper.servlet.JspServlet.service(JspServlet.java:307)
		at jakarta.servlet.http.HttpServlet.service(HttpServlet.java:658)
		at org.apache.catalina.core.ApplicationFilterChain.internalDoFilter(ApplicationFilterChain.java:195)
		at org.apache.catalina.core.ApplicationFilterChain.doFilter(ApplicationFilterChain.java:140)
		at org.apache.tomcat.websocket.server.WsFilter.doFilter(WsFilter.java:51)
		at org.apache.catalina.core.ApplicationFilterChain.internalDoFilter(ApplicationFilterChain.java:164)
		at org.apache.catalina.core.ApplicationFilterChain.doFilter(ApplicationFilterChain.java:140)
		at com.academic.filters.AuthFilter.doFilter(AuthFilter.java:102)
		at org.apache.catalina.core.ApplicationFilterChain.internalDoFilter(ApplicationFilterChain.java:164)
		at org.apache.catalina.core.ApplicationFilterChain.doFilter(ApplicationFilterChain.java:140)
		at org.apache.catalina.core.StandardWrapperValve.invoke(StandardWrapperValve.java:167)
		at org.apache.catalina.core.StandardContextValve.invoke(StandardContextValve.java:90)
		at org.apache.catalina.authenticator.AuthenticatorBase.invoke(AuthenticatorBase.java:483)
		at org.apache.catalina.core.StandardHostValve.invoke(StandardHostValve.java:116)
		at org.apache.catalina.valves.ErrorReportValve.invoke(ErrorReportValve.java:93)
		at org.apache.catalina.valves.AbstractAccessLogValve.invoke(AbstractAccessLogValve.java:666)
		at org.apache.catalina.core.StandardEngineValve.invoke(StandardEngineValve.java:74)
		at org.apache.catalina.connector.CoyoteAdapter.service(CoyoteAdapter.java:344)
		at org.apache.coyote.http11.Http11Processor.service(Http11Processor.java:398)
		at org.apache.coyote.AbstractProcessorLight.process(AbstractProcessorLight.java:63)
		at org.apache.coyote.AbstractProtocol$ConnectionHandler.process(AbstractProtocol.java:903)
		at org.apache.tomcat.util.net.NioEndpoint$SocketProcessor.doRun(NioEndpoint.java:1776)
		at org.apache.tomcat.util.net.SocketProcessorBase.run(SocketProcessorBase.java:52)
		at org.apache.tomcat.util.threads.ThreadPoolExecutor.runWorker(ThreadPoolExecutor.java:975)
		at org.apache.tomcat.util.threads.ThreadPoolExecutor$Worker.run(ThreadPoolExecutor.java:493)
		at org.apache.tomcat.util.threads.TaskThread$WrappingRunnable.run(TaskThread.java:63)
		at java.base/java.lang.Thread.run(Thread.java:1575)
18-Sep-2025 17:53:40.420 SEVERE [http-nio-8080-exec-3] org.apache.jasper.compiler.JDTCompiler$1CompilationUnit.getContents Error loading source file [D:\Java\tomcat\work\Catalina\localhost\dbms-project\org\apache\jsp\login_005fprocess_jsp.java]
	java.io.FileNotFoundException: D:\Java\tomcat\work\Catalina\localhost\dbms-project\org\apache\jsp\login_005fprocess_jsp.java (The system cannot find the path specified)
		at java.base/java.io.FileInputStream.open0(Native Method)
		at java.base/java.io.FileInputStream.open(FileInputStream.java:219)
		at java.base/java.io.FileInputStream.<init>(FileInputStream.java:159)
		at java.base/java.io.FileInputStream.<init>(FileInputStream.java:112)
		at org.apache.jasper.compiler.JDTCompiler$1CompilationUnit.getContents(JDTCompiler.java:106)
		at org.eclipse.jdt.internal.compiler.parser.Scanner.setSource(Scanner.java:4322)
		at org.eclipse.jdt.internal.compiler.parser.Parser.getMethodBodies(Parser.java:12163)
		at org.eclipse.jdt.internal.compiler.Compiler.process(Compiler.java:891)
		at org.eclipse.jdt.internal.compiler.Compiler.processCompiledUnits(Compiler.java:575)
		at org.eclipse.jdt.internal.compiler.Compiler.compile(Compiler.java:475)
		at org.eclipse.jdt.internal.compiler.Compiler.compile(Compiler.java:426)
		at org.apache.jasper.compiler.JDTCompiler.generateClass(JDTCompiler.java:544)
		at org.apache.jasper.compiler.Compiler.compile(Compiler.java:374)
		at org.apache.jasper.compiler.Compiler.compile(Compiler.java:346)
		at org.apache.jasper.compiler.Compiler.compile(Compiler.java:332)
		at org.apache.jasper.JspCompilationContext.compile(JspCompilationContext.java:592)
		at org.apache.jasper.servlet.JspServletWrapper.service(JspServletWrapper.java:375)
		at org.apache.jasper.servlet.JspServlet.serviceJspFile(JspServlet.java:356)
		at org.apache.jasper.servlet.JspServlet.service(JspServlet.java:307)
		at jakarta.servlet.http.HttpServlet.service(HttpServlet.java:658)
		at org.apache.catalina.core.ApplicationFilterChain.internalDoFilter(ApplicationFilterChain.java:195)
		at org.apache.catalina.core.ApplicationFilterChain.doFilter(ApplicationFilterChain.java:140)
		at org.apache.tomcat.websocket.server.WsFilter.doFilter(WsFilter.java:51)
		at org.apache.catalina.core.ApplicationFilterChain.internalDoFilter(ApplicationFilterChain.java:164)
		at org.apache.catalina.core.ApplicationFilterChain.doFilter(ApplicationFilterChain.java:140)
		at com.academic.filters.AuthFilter.doFilter(AuthFilter.java:102)
		at org.apache.catalina.core.ApplicationFilterChain.internalDoFilter(ApplicationFilterChain.java:164)
		at org.apache.catalina.core.ApplicationFilterChain.doFilter(ApplicationFilterChain.java:140)
		at org.apache.catalina.core.StandardWrapperValve.invoke(StandardWrapperValve.java:167)
		at org.apache.catalina.core.StandardContextValve.invoke(StandardContextValve.java:90)
		at org.apache.catalina.authenticator.AuthenticatorBase.invoke(AuthenticatorBase.java:483)
		at org.apache.catalina.core.StandardHostValve.invoke(StandardHostValve.java:116)
		at org.apache.catalina.valves.ErrorReportValve.invoke(ErrorReportValve.java:93)
		at org.apache.catalina.valves.AbstractAccessLogValve.invoke(AbstractAccessLogValve.java:666)
		at org.apache.catalina.core.StandardEngineValve.invoke(StandardEngineValve.java:74)
		at org.apache.catalina.connector.CoyoteAdapter.service(CoyoteAdapter.java:344)
		at org.apache.coyote.http11.Http11Processor.service(Http11Processor.java:398)
		at org.apache.coyote.AbstractProcessorLight.process(AbstractProcessorLight.java:63)
		at org.apache.coyote.AbstractProtocol$ConnectionHandler.process(AbstractProtocol.java:903)
		at org.apache.tomcat.util.net.NioEndpoint$SocketProcessor.doRun(NioEndpoint.java:1776)
		at org.apache.tomcat.util.net.SocketProcessorBase.run(SocketProcessorBase.java:52)
		at org.apache.tomcat.util.threads.ThreadPoolExecutor.runWorker(ThreadPoolExecutor.java:975)
		at org.apache.tomcat.util.threads.ThreadPoolExecutor$Worker.run(ThreadPoolExecutor.java:493)
		at org.apache.tomcat.util.threads.TaskThread$WrappingRunnable.run(TaskThread.java:63)
		at java.base/java.lang.Thread.run(Thread.java:1575)
18-Sep-2025 17:53:40.909 INFO [main] org.apache.catalina.startup.VersionLoggerListener.log Server version name:   Apache Tomcat/10.1.46
18-Sep-2025 17:53:40.912 INFO [main] org.apache.catalina.startup.VersionLoggerListener.log Server built:          Sep 8 2025 14:26:21 UTC
18-Sep-2025 17:53:40.912 INFO [main] org.apache.catalina.startup.VersionLoggerListener.log Server version number: 10.1.46.0
18-Sep-2025 17:53:40.912 INFO [main] org.apache.catalina.startup.VersionLoggerListener.log OS Name:               Windows 10
18-Sep-2025 17:53:40.912 INFO [main] org.apache.catalina.startup.VersionLoggerListener.log OS Version:            10.0
18-Sep-2025 17:53:40.912 INFO [main] org.apache.catalina.startup.VersionLoggerListener.log Architecture:          amd64
18-Sep-2025 17:53:40.912 INFO [main] org.apache.catalina.startup.VersionLoggerListener.log Java Home:             D:\Java\jdk-23.0.1
18-Sep-2025 17:53:40.912 INFO [main] org.apache.catalina.startup.VersionLoggerListener.log JVM Version:           23.0.1+11-39
18-Sep-2025 17:53:40.913 INFO [main] org.apache.catalina.startup.VersionLoggerListener.log JVM Vendor:            Oracle Corporation
18-Sep-2025 17:53:40.913 INFO [main] org.apache.catalina.startup.VersionLoggerListener.log CATALINA_BASE:         D:\Java\tomcat
18-Sep-2025 17:53:40.913 INFO [main] org.apache.catalina.startup.VersionLoggerListener.log CATALINA_HOME:         D:\Java\tomcat
18-Sep-2025 17:53:40.916 INFO [main] org.apache.catalina.startup.VersionLoggerListener.log Command line argument: -Djava.util.logging.config.file=D:\Java\tomcat\conf\logging.properties
18-Sep-2025 17:53:40.916 INFO [main] org.apache.catalina.startup.VersionLoggerListener.log Command line argument: -Djava.util.logging.manager=org.apache.juli.ClassLoaderLogManager
18-Sep-2025 17:53:40.916 INFO [main] org.apache.catalina.startup.VersionLoggerListener.log Command line argument: -Djdk.tls.ephemeralDHKeySize=2048
18-Sep-2025 17:53:40.916 INFO [main] org.apache.catalina.startup.VersionLoggerListener.log Command line argument: -Djava.protocol.handler.pkgs=org.apache.catalina.webresources
18-Sep-2025 17:53:40.916 INFO [main] org.apache.catalina.startup.VersionLoggerListener.log Command line argument: -Dsun.io.useCanonCaches=false
18-Sep-2025 17:53:40.916 INFO [main] org.apache.catalina.startup.VersionLoggerListener.log Command line argument: --add-opens=java.base/java.lang=ALL-UNNAMED
18-Sep-2025 17:53:40.916 INFO [main] org.apache.catalina.startup.VersionLoggerListener.log Command line argument: --add-opens=java.base/java.lang.reflect=ALL-UNNAMED
18-Sep-2025 17:53:40.916 INFO [main] org.apache.catalina.startup.VersionLoggerListener.log Command line argument: --add-opens=java.base/java.io=ALL-UNNAMED
18-Sep-2025 17:53:40.916 INFO [main] org.apache.catalina.startup.VersionLoggerListener.log Command line argument: --add-opens=java.base/java.util=ALL-UNNAMED
18-Sep-2025 17:53:40.916 INFO [main] org.apache.catalina.startup.VersionLoggerListener.log Command line argument: --add-opens=java.base/java.util.concurrent=ALL-UNNAMED
18-Sep-2025 17:53:40.916 INFO [main] org.apache.catalina.startup.VersionLoggerListener.log Command line argument: --add-opens=java.rmi/sun.rmi.transport=ALL-UNNAMED
18-Sep-2025 17:53:40.916 INFO [main] org.apache.catalina.startup.VersionLoggerListener.log Command line argument: -Dcatalina.base=D:\Java\tomcat
18-Sep-2025 17:53:40.916 INFO [main] org.apache.catalina.startup.VersionLoggerListener.log Command line argument: -Dcatalina.home=D:\Java\tomcat
18-Sep-2025 17:53:40.916 INFO [main] org.apache.catalina.startup.VersionLoggerListener.log Command line argument: -Djava.io.tmpdir=D:\Java\tomcat\temp
18-Sep-2025 17:53:40.932 INFO [main] org.apache.catalina.core.AprLifecycleListener.lifecycleEvent The Apache Tomcat Native library which allows using OpenSSL was not found on the java.library.path: [D:\Java\jdk-23.0.1\bin;C:\Windows\Sun\Java\bin;C:\Windows\system32;C:\Windows;C:\Program Files (x86)\Common Files\Oracle\Java\java8path;C:\Program Files (x86)\Common Files\Oracle\Java\javapath;D:\Java\jdk-23.0.1\bin;C:\Program Files\Java\jdk-22\bin;D:\Network\dbhomeXE\bin;C:\Windows\system32;C:\Windows;C:\Windows\System32\Wbem;C:\Windows\System32\WindowsPowerShell\v1.0\;C:\Windows\System32\OpenSSH\;C:\Program Files\dotnet\;C:\Program Files\Git\cmd;D:\mingw64\bin;C:\Users\Ashraf Mahmud\AppData\Local\Programs\Python\Python311;C:\Windows\Microsoft.NET\Framework64\v4.0.30319;C:\Program Files\Microsoft SQL Server\150\Tools\Binn\;C:\Program Files\Microsoft SQL Server\Client SDK\ODBC\170\Tools\Binn\;C:\Program Files\MySQL\MySQL Server 8.0\bin;C:\Program Files\CodeBlocks\MinGW\bin;D:\php;C:\ProgramData\ComposerSetup\bin;D:\Sqlite3;D:\WezTerm;D:\Java\javafx-sdk-23.0.1\lib;D:\CodeEditor\python;D:\CodeEditor\python\condabin;D:\CodeEditor\python\Scripts;D:\Program\apache-maven-3.9.10-bin\apache-maven-3.9.10\bin;;C:\Program Files\Docker\Docker\resources\bin;d:\CodeEditor\cursor\resources\app\bin;C:\ProgramData\chocolatey\bin;C:\Program Files\nodejs\;C:\Users\Ashraf Mahmud\.console-ninja\.bin;C:\Users\Ashraf Mahmud\AppData\Local\Programs\Python\Python313\Scripts\;C:\Users\Ashraf Mahmud\AppData\Local\Programs\Python\Python313\;C:\Users\Ashraf Mahmud\.cargo\bin;C:\Users\Ashraf Mahmud\scoop\shims;C:\Program Files\MySQL\MySQL Shell 8.0\bin\;C:\Users\Ashraf Mahmud\AppData\Local\Programs\Microsoft VS Code\bin;C:\Users\Ashraf Mahmud\AppData\Local\GitHubDesktop\bin;C:\Users\Ashraf Mahmud\AppData\Local\Programs\Python\Python311;C:\Users\Ashraf Mahmud\.dotnet\tools;D:\mingw64\bin;C:\Users\Ashraf Mahmud\.dotnet\tools;G:\Software\IntelliJ IDEA Community Edition 2023.2.2\bin;;C:\Program Files\CodeBlocks\MinGW\bin;G:\Software\PhpStorm 2023.2.2\bin;;D:\xampp\php;C:\Users\Ashraf Mahmud\AppData\Roaming\Composer\vendor\bin;D:\bin;C:\Users\Ashraf Mahmud\AppData\Local\Programs\oh-my-posh\bin;C:\Users\Ashraf Mahmud\bin;D:\CodeEditor\PyCharm Community Edition 2024.3.5\bin;D:\CodeEditor\cursor\resources\app\bin;C:\Users\Ashraf Mahmud\AppData\Roaming\npm;D:\Network;C:\Users\Ashraf Mahmud\.console-ninja\.bin;c:\Users\Ashraf Mahmud\AppData\Roaming\Code\User\globalStorage\github.copilot-chat\debugCommand;.]
18-Sep-2025 17:53:41.180 INFO [main] org.apache.coyote.AbstractProtocol.init Initializing ProtocolHandler ["http-nio-8080"]
18-Sep-2025 17:53:41.195 SEVERE [main] org.apache.catalina.util.LifecycleBase.handleSubClassException Failed to initialize component [Connector["http-nio-8080"]]
	org.apache.catalina.LifecycleException: Protocol handler initialization failed
		at org.apache.catalina.connector.Connector.initInternal(Connector.java:1075)
		at org.apache.catalina.util.LifecycleBase.init(LifecycleBase.java:122)
		at org.apache.catalina.core.StandardService.initInternal(StandardService.java:522)
		at org.apache.catalina.util.LifecycleBase.init(LifecycleBase.java:122)
		at org.apache.catalina.core.StandardServer.initInternal(StandardServer.java:957)
		at org.apache.catalina.util.LifecycleBase.init(LifecycleBase.java:122)
		at org.apache.catalina.startup.Catalina.load(Catalina.java:712)
		at org.apache.catalina.startup.Catalina.load(Catalina.java:735)
		at java.base/jdk.internal.reflect.DirectMethodHandleAccessor.invoke(DirectMethodHandleAccessor.java:103)
		at java.base/java.lang.reflect.Method.invoke(Method.java:580)
		at org.apache.catalina.startup.Bootstrap.load(Bootstrap.java:302)
		at org.apache.catalina.startup.Bootstrap.main(Bootstrap.java:475)
	Caused by: java.net.BindException: Address already in use: bind
		at java.base/sun.nio.ch.Net.bind0(Native Method)
		at java.base/sun.nio.ch.Net.bind(Net.java:565)
		at java.base/sun.nio.ch.ServerSocketChannelImpl.netBind(ServerSocketChannelImpl.java:344)
		at java.base/sun.nio.ch.ServerSocketChannelImpl.bind(ServerSocketChannelImpl.java:301)
		at org.apache.tomcat.util.net.NioEndpoint.initServerSocket(NioEndpoint.java:266)
		at org.apache.tomcat.util.net.NioEndpoint.bind(NioEndpoint.java:221)
		at org.apache.tomcat.util.net.AbstractEndpoint.bindWithCleanup(AbstractEndpoint.java:1401)
		at org.apache.tomcat.util.net.AbstractEndpoint.init(AbstractEndpoint.java:1414)
		at org.apache.coyote.AbstractProtocol.init(AbstractProtocol.java:633)
		at org.apache.coyote.http11.AbstractHttp11Protocol.init(AbstractHttp11Protocol.java:82)
		at org.apache.catalina.connector.Connector.initInternal(Connector.java:1073)
		... 11 more
18-Sep-2025 17:53:41.198 INFO [main] org.apache.catalina.startup.Catalina.load Server initialization in [423] milliseconds
18-Sep-2025 17:53:41.225 INFO [main] org.apache.catalina.core.StandardService.startInternal Starting service [Catalina]
18-Sep-2025 17:53:41.225 INFO [main] org.apache.catalina.core.StandardEngine.startInternal Starting Servlet engine: [Apache Tomcat/10.1.46]
18-Sep-2025 17:53:41.241 INFO [main] org.apache.catalina.startup.HostConfig.deployDirectory Deploying web application directory [D:\Java\tomcat\webapps\dbms-project]
18-Sep-2025 17:53:41.732 INFO [main] org.apache.jasper.servlet.TldScanner.scanJars At least one JAR was scanned for TLDs yet contained no TLDs. Enable debug logging for this logger for a complete list of JARs that were scanned but no TLDs were found in them. Skipping unneeded JARs during scanning can improve startup time and JSP compilation time.
18-Sep-2025 17:53:41.765 INFO [main] org.apache.catalina.startup.HostConfig.deployDirectory Deployment of web application directory [D:\Java\tomcat\webapps\dbms-project] has finished in [524] ms
18-Sep-2025 17:53:41.765 INFO [main] org.apache.catalina.startup.HostConfig.deployDirectory Deploying web application directory [D:\Java\tomcat\webapps\docs]
18-Sep-2025 17:53:41.942 INFO [main] org.apache.jasper.servlet.TldScanner.scanJars At least one JAR was scanned for TLDs yet contained no TLDs. Enable debug logging for this logger for a complete list of JARs that were scanned but no TLDs were found in them. Skipping unneeded JARs during scanning can improve startup time and JSP compilation time.
18-Sep-2025 17:53:41.950 INFO [main] org.apache.catalina.startup.HostConfig.deployDirectory Deployment of web application directory [D:\Java\tomcat\webapps\docs] has finished in [184] ms
18-Sep-2025 17:53:41.950 INFO [main] org.apache.catalina.startup.HostConfig.deployDirectory Deploying web application directory [D:\Java\tomcat\webapps\manager]
18-Sep-2025 17:53:42.126 INFO [main] org.apache.jasper.servlet.TldScanner.scanJars At least one JAR was scanned for TLDs yet contained no TLDs. Enable debug logging for this logger for a complete list of JARs that were scanned but no TLDs were found in them. Skipping unneeded JARs during scanning can improve startup time and JSP compilation time.
18-Sep-2025 17:53:42.135 INFO [main] org.apache.catalina.startup.HostConfig.deployDirectory Deployment of web application directory [D:\Java\tomcat\webapps\manager] has finished in [185] ms
18-Sep-2025 17:53:42.135 INFO [main] org.apache.catalina.startup.HostConfig.deployDirectory Deploying web application directory [D:\Java\tomcat\webapps\ROOT]
18-Sep-2025 17:53:42.296 INFO [main] org.apache.jasper.servlet.TldScanner.scanJars At least one JAR was scanned for TLDs yet contained no TLDs. Enable debug logging for this logger for a complete list of JARs that were scanned but no TLDs were found in them. Skipping unneeded JARs during scanning can improve startup time and JSP compilation time.
18-Sep-2025 17:53:42.298 INFO [main] org.apache.catalina.startup.HostConfig.deployDirectory Deployment of web application directory [D:\Java\tomcat\webapps\ROOT] has finished in [163] ms
18-Sep-2025 17:53:42.302 INFO [main] org.apache.catalina.startup.Catalina.start Server startup in [1101] milliseconds
18-Sep-2025 17:54:25.544 SEVERE [main] org.apache.catalina.startup.Catalina.stopServer No shutdown port configured. Shut down server through OS signal. Server not shut down.
18-Sep-2025 17:54:26.259 INFO [main] org.apache.catalina.startup.VersionLoggerListener.log Server version name:   Apache Tomcat/10.1.46
18-Sep-2025 17:54:26.269 INFO [main] org.apache.catalina.startup.VersionLoggerListener.log Server built:          Sep 8 2025 14:26:21 UTC
18-Sep-2025 17:54:26.269 INFO [main] org.apache.catalina.startup.VersionLoggerListener.log Server version number: 10.1.46.0
18-Sep-2025 17:54:26.269 INFO [main] org.apache.catalina.startup.VersionLoggerListener.log OS Name:               Windows 10
18-Sep-2025 17:54:26.269 INFO [main] org.apache.catalina.startup.VersionLoggerListener.log OS Version:            10.0
18-Sep-2025 17:54:26.269 INFO [main] org.apache.catalina.startup.VersionLoggerListener.log Architecture:          amd64
18-Sep-2025 17:54:26.269 INFO [main] org.apache.catalina.startup.VersionLoggerListener.log Java Home:             D:\Java\jdk-23.0.1
18-Sep-2025 17:54:26.269 INFO [main] org.apache.catalina.startup.VersionLoggerListener.log JVM Version:           23.0.1+11-39
18-Sep-2025 17:54:26.269 INFO [main] org.apache.catalina.startup.VersionLoggerListener.log JVM Vendor:            Oracle Corporation
18-Sep-2025 17:54:26.269 INFO [main] org.apache.catalina.startup.VersionLoggerListener.log CATALINA_BASE:         D:\Java\tomcat
18-Sep-2025 17:54:26.269 INFO [main] org.apache.catalina.startup.VersionLoggerListener.log CATALINA_HOME:         D:\Java\tomcat
18-Sep-2025 17:54:26.276 INFO [main] org.apache.catalina.startup.VersionLoggerListener.log Command line argument: -Djava.util.logging.config.file=D:\Java\tomcat\conf\logging.properties
18-Sep-2025 17:54:26.276 INFO [main] org.apache.catalina.startup.VersionLoggerListener.log Command line argument: -Djava.util.logging.manager=org.apache.juli.ClassLoaderLogManager
18-Sep-2025 17:54:26.276 INFO [main] org.apache.catalina.startup.VersionLoggerListener.log Command line argument: -Djdk.tls.ephemeralDHKeySize=2048
18-Sep-2025 17:54:26.276 INFO [main] org.apache.catalina.startup.VersionLoggerListener.log Command line argument: -Djava.protocol.handler.pkgs=org.apache.catalina.webresources
18-Sep-2025 17:54:26.276 INFO [main] org.apache.catalina.startup.VersionLoggerListener.log Command line argument: -Dsun.io.useCanonCaches=false
18-Sep-2025 17:54:26.276 INFO [main] org.apache.catalina.startup.VersionLoggerListener.log Command line argument: --add-opens=java.base/java.lang=ALL-UNNAMED
18-Sep-2025 17:54:26.276 INFO [main] org.apache.catalina.startup.VersionLoggerListener.log Command line argument: --add-opens=java.base/java.lang.reflect=ALL-UNNAMED
18-Sep-2025 17:54:26.276 INFO [main] org.apache.catalina.startup.VersionLoggerListener.log Command line argument: --add-opens=java.base/java.io=ALL-UNNAMED
18-Sep-2025 17:54:26.276 INFO [main] org.apache.catalina.startup.VersionLoggerListener.log Command line argument: --add-opens=java.base/java.util=ALL-UNNAMED
18-Sep-2025 17:54:26.276 INFO [main] org.apache.catalina.startup.VersionLoggerListener.log Command line argument: --add-opens=java.base/java.util.concurrent=ALL-UNNAMED
18-Sep-2025 17:54:26.276 INFO [main] org.apache.catalina.startup.VersionLoggerListener.log Command line argument: --add-opens=java.rmi/sun.rmi.transport=ALL-UNNAMED
18-Sep-2025 17:54:26.276 INFO [main] org.apache.catalina.startup.VersionLoggerListener.log Command line argument: -Dcatalina.base=D:\Java\tomcat
18-Sep-2025 17:54:26.276 INFO [main] org.apache.catalina.startup.VersionLoggerListener.log Command line argument: -Dcatalina.home=D:\Java\tomcat
18-Sep-2025 17:54:26.276 INFO [main] org.apache.catalina.startup.VersionLoggerListener.log Command line argument: -Djava.io.tmpdir=D:\Java\tomcat\temp
18-Sep-2025 17:54:26.293 INFO [main] org.apache.catalina.core.AprLifecycleListener.lifecycleEvent The Apache Tomcat Native library which allows using OpenSSL was not found on the java.library.path: [D:\Java\jdk-23.0.1\bin;C:\Windows\Sun\Java\bin;C:\Windows\system32;C:\Windows;C:\Program Files (x86)\Common Files\Oracle\Java\java8path;C:\Program Files (x86)\Common Files\Oracle\Java\javapath;D:\Java\jdk-23.0.1\bin;C:\Program Files\Java\jdk-22\bin;D:\Network\dbhomeXE\bin;C:\Windows\system32;C:\Windows;C:\Windows\System32\Wbem;C:\Windows\System32\WindowsPowerShell\v1.0\;C:\Windows\System32\OpenSSH\;C:\Program Files\dotnet\;C:\Program Files\Git\cmd;D:\mingw64\bin;C:\Users\Ashraf Mahmud\AppData\Local\Programs\Python\Python311;C:\Windows\Microsoft.NET\Framework64\v4.0.30319;C:\Program Files\Microsoft SQL Server\150\Tools\Binn\;C:\Program Files\Microsoft SQL Server\Client SDK\ODBC\170\Tools\Binn\;C:\Program Files\MySQL\MySQL Server 8.0\bin;C:\Program Files\CodeBlocks\MinGW\bin;D:\php;C:\ProgramData\ComposerSetup\bin;D:\Sqlite3;D:\WezTerm;D:\Java\javafx-sdk-23.0.1\lib;D:\CodeEditor\python;D:\CodeEditor\python\condabin;D:\CodeEditor\python\Scripts;D:\Program\apache-maven-3.9.10-bin\apache-maven-3.9.10\bin;;C:\Program Files\Docker\Docker\resources\bin;d:\CodeEditor\cursor\resources\app\bin;C:\ProgramData\chocolatey\bin;C:\Program Files\nodejs\;C:\Users\Ashraf Mahmud\.console-ninja\.bin;C:\Users\Ashraf Mahmud\AppData\Local\Programs\Python\Python313\Scripts\;C:\Users\Ashraf Mahmud\AppData\Local\Programs\Python\Python313\;C:\Users\Ashraf Mahmud\.cargo\bin;C:\Users\Ashraf Mahmud\scoop\shims;C:\Program Files\MySQL\MySQL Shell 8.0\bin\;C:\Users\Ashraf Mahmud\AppData\Local\Programs\Microsoft VS Code\bin;C:\Users\Ashraf Mahmud\AppData\Local\GitHubDesktop\bin;C:\Users\Ashraf Mahmud\AppData\Local\Programs\Python\Python311;C:\Users\Ashraf Mahmud\.dotnet\tools;D:\mingw64\bin;C:\Users\Ashraf Mahmud\.dotnet\tools;G:\Software\IntelliJ IDEA Community Edition 2023.2.2\bin;;C:\Program Files\CodeBlocks\MinGW\bin;G:\Software\PhpStorm 2023.2.2\bin;;D:\xampp\php;C:\Users\Ashraf Mahmud\AppData\Roaming\Composer\vendor\bin;D:\bin;C:\Users\Ashraf Mahmud\AppData\Local\Programs\oh-my-posh\bin;C:\Users\Ashraf Mahmud\bin;D:\CodeEditor\PyCharm Community Edition 2024.3.5\bin;D:\CodeEditor\cursor\resources\app\bin;C:\Users\Ashraf Mahmud\AppData\Roaming\npm;D:\Network;C:\Users\Ashraf Mahmud\.console-ninja\.bin;c:\Users\Ashraf Mahmud\AppData\Roaming\Code\User\globalStorage\github.copilot-chat\debugCommand;.]
18-Sep-2025 17:54:26.544 INFO [main] org.apache.coyote.AbstractProtocol.init Initializing ProtocolHandler ["http-nio-8080"]
18-Sep-2025 17:54:26.545 SEVERE [main] org.apache.catalina.util.LifecycleBase.handleSubClassException Failed to initialize component [Connector["http-nio-8080"]]
	org.apache.catalina.LifecycleException: Protocol handler initialization failed
		at org.apache.catalina.connector.Connector.initInternal(Connector.java:1075)
		at org.apache.catalina.util.LifecycleBase.init(LifecycleBase.java:122)
		at org.apache.catalina.core.StandardService.initInternal(StandardService.java:522)
		at org.apache.catalina.util.LifecycleBase.init(LifecycleBase.java:122)
		at org.apache.catalina.core.StandardServer.initInternal(StandardServer.java:957)
		at org.apache.catalina.util.LifecycleBase.init(LifecycleBase.java:122)
		at org.apache.catalina.startup.Catalina.load(Catalina.java:712)
		at org.apache.catalina.startup.Catalina.load(Catalina.java:735)
		at java.base/jdk.internal.reflect.DirectMethodHandleAccessor.invoke(DirectMethodHandleAccessor.java:103)
		at java.base/java.lang.reflect.Method.invoke(Method.java:580)
		at org.apache.catalina.startup.Bootstrap.load(Bootstrap.java:302)
		at org.apache.catalina.startup.Bootstrap.main(Bootstrap.java:475)
	Caused by: java.net.BindException: Address already in use: bind
		at java.base/sun.nio.ch.Net.bind0(Native Method)
		at java.base/sun.nio.ch.Net.bind(Net.java:565)
		at java.base/sun.nio.ch.ServerSocketChannelImpl.netBind(ServerSocketChannelImpl.java:344)
		at java.base/sun.nio.ch.ServerSocketChannelImpl.bind(ServerSocketChannelImpl.java:301)
		at org.apache.tomcat.util.net.NioEndpoint.initServerSocket(NioEndpoint.java:266)
		at org.apache.tomcat.util.net.NioEndpoint.bind(NioEndpoint.java:221)
		at org.apache.tomcat.util.net.AbstractEndpoint.bindWithCleanup(AbstractEndpoint.java:1401)
		at org.apache.tomcat.util.net.AbstractEndpoint.init(AbstractEndpoint.java:1414)
		at org.apache.coyote.AbstractProtocol.init(AbstractProtocol.java:633)
		at org.apache.coyote.http11.AbstractHttp11Protocol.init(AbstractHttp11Protocol.java:82)
		at org.apache.catalina.connector.Connector.initInternal(Connector.java:1073)
		... 11 more
18-Sep-2025 17:54:26.556 INFO [main] org.apache.catalina.startup.Catalina.load Server initialization in [423] milliseconds
18-Sep-2025 17:54:26.594 INFO [main] org.apache.catalina.core.StandardService.startInternal Starting service [Catalina]
18-Sep-2025 17:54:26.594 INFO [main] org.apache.catalina.core.StandardEngine.startInternal Starting Servlet engine: [Apache Tomcat/10.1.46]
18-Sep-2025 17:54:26.594 INFO [main] org.apache.catalina.startup.HostConfig.deployDirectory Deploying web application directory [D:\Java\tomcat\webapps\dbms-project]
18-Sep-2025 17:54:27.060 INFO [main] org.apache.jasper.servlet.TldScanner.scanJars At least one JAR was scanned for TLDs yet contained no TLDs. Enable debug logging for this logger for a complete list of JARs that were scanned but no TLDs were found in them. Skipping unneeded JARs during scanning can improve startup time and JSP compilation time.
18-Sep-2025 17:54:27.096 INFO [main] org.apache.catalina.startup.HostConfig.deployDirectory Deployment of web application directory [D:\Java\tomcat\webapps\dbms-project] has finished in [502] ms
18-Sep-2025 17:54:27.096 INFO [main] org.apache.catalina.startup.HostConfig.deployDirectory Deploying web application directory [D:\Java\tomcat\webapps\docs]
18-Sep-2025 17:54:27.286 INFO [main] org.apache.jasper.servlet.TldScanner.scanJars At least one JAR was scanned for TLDs yet contained no TLDs. Enable debug logging for this logger for a complete list of JARs that were scanned but no TLDs were found in them. Skipping unneeded JARs during scanning can improve startup time and JSP compilation time.
18-Sep-2025 17:54:27.286 INFO [main] org.apache.catalina.startup.HostConfig.deployDirectory Deployment of web application directory [D:\Java\tomcat\webapps\docs] has finished in [190] ms
18-Sep-2025 17:54:27.286 INFO [main] org.apache.catalina.startup.HostConfig.deployDirectory Deploying web application directory [D:\Java\tomcat\webapps\manager]
18-Sep-2025 17:54:27.470 INFO [main] org.apache.jasper.servlet.TldScanner.scanJars At least one JAR was scanned for TLDs yet contained no TLDs. Enable debug logging for this logger for a complete list of JARs that were scanned but no TLDs were found in them. Skipping unneeded JARs during scanning can improve startup time and JSP compilation time.
18-Sep-2025 17:54:27.477 INFO [main] org.apache.catalina.startup.HostConfig.deployDirectory Deployment of web application directory [D:\Java\tomcat\webapps\manager] has finished in [191] ms
18-Sep-2025 17:54:27.477 INFO [main] org.apache.catalina.startup.HostConfig.deployDirectory Deploying web application directory [D:\Java\tomcat\webapps\ROOT]
18-Sep-2025 17:54:27.639 INFO [main] org.apache.jasper.servlet.TldScanner.scanJars At least one JAR was scanned for TLDs yet contained no TLDs. Enable debug logging for this logger for a complete list of JARs that were scanned but no TLDs were found in them. Skipping unneeded JARs during scanning can improve startup time and JSP compilation time.
18-Sep-2025 17:54:27.649 INFO [main] org.apache.catalina.startup.HostConfig.deployDirectory Deployment of web application directory [D:\Java\tomcat\webapps\ROOT] has finished in [172] ms
18-Sep-2025 17:54:27.649 INFO [main] org.apache.catalina.startup.Catalina.start Server startup in [1096] milliseconds
18-Sep-2025 17:57:37.650 SEVERE [main] org.apache.catalina.startup.Catalina.stopServer No shutdown port configured. Shut down server through OS signal. Server not shut down.
18-Sep-2025 17:57:38.401 INFO [main] org.apache.catalina.startup.VersionLoggerListener.log Server version name:   Apache Tomcat/10.1.46
18-Sep-2025 17:57:38.401 INFO [main] org.apache.catalina.startup.VersionLoggerListener.log Server built:          Sep 8 2025 14:26:21 UTC
18-Sep-2025 17:57:38.401 INFO [main] org.apache.catalina.startup.VersionLoggerListener.log Server version number: 10.1.46.0
18-Sep-2025 17:57:38.401 INFO [main] org.apache.catalina.startup.VersionLoggerListener.log OS Name:               Windows 10
18-Sep-2025 17:57:38.401 INFO [main] org.apache.catalina.startup.VersionLoggerListener.log OS Version:            10.0
18-Sep-2025 17:57:38.401 INFO [main] org.apache.catalina.startup.VersionLoggerListener.log Architecture:          amd64
18-Sep-2025 17:57:38.401 INFO [main] org.apache.catalina.startup.VersionLoggerListener.log Java Home:             D:\Java\jdk-23.0.1
18-Sep-2025 17:57:38.401 INFO [main] org.apache.catalina.startup.VersionLoggerListener.log JVM Version:           23.0.1+11-39
18-Sep-2025 17:57:38.401 INFO [main] org.apache.catalina.startup.VersionLoggerListener.log JVM Vendor:            Oracle Corporation
18-Sep-2025 17:57:38.401 INFO [main] org.apache.catalina.startup.VersionLoggerListener.log CATALINA_BASE:         D:\Java\tomcat
18-Sep-2025 17:57:38.401 INFO [main] org.apache.catalina.startup.VersionLoggerListener.log CATALINA_HOME:         D:\Java\tomcat
18-Sep-2025 17:57:38.416 INFO [main] org.apache.catalina.startup.VersionLoggerListener.log Command line argument: -Djava.util.logging.config.file=D:\Java\tomcat\conf\logging.properties
18-Sep-2025 17:57:38.416 INFO [main] org.apache.catalina.startup.VersionLoggerListener.log Command line argument: -Djava.util.logging.manager=org.apache.juli.ClassLoaderLogManager
18-Sep-2025 17:57:38.416 INFO [main] org.apache.catalina.startup.VersionLoggerListener.log Command line argument: -Djdk.tls.ephemeralDHKeySize=2048
18-Sep-2025 17:57:38.416 INFO [main] org.apache.catalina.startup.VersionLoggerListener.log Command line argument: -Djava.protocol.handler.pkgs=org.apache.catalina.webresources
18-Sep-2025 17:57:38.416 INFO [main] org.apache.catalina.startup.VersionLoggerListener.log Command line argument: -Dsun.io.useCanonCaches=false
18-Sep-2025 17:57:38.416 INFO [main] org.apache.catalina.startup.VersionLoggerListener.log Command line argument: --add-opens=java.base/java.lang=ALL-UNNAMED
18-Sep-2025 17:57:38.416 INFO [main] org.apache.catalina.startup.VersionLoggerListener.log Command line argument: --add-opens=java.base/java.lang.reflect=ALL-UNNAMED
18-Sep-2025 17:57:38.416 INFO [main] org.apache.catalina.startup.VersionLoggerListener.log Command line argument: --add-opens=java.base/java.io=ALL-UNNAMED
18-Sep-2025 17:57:38.416 INFO [main] org.apache.catalina.startup.VersionLoggerListener.log Command line argument: --add-opens=java.base/java.util=ALL-UNNAMED
18-Sep-2025 17:57:38.416 INFO [main] org.apache.catalina.startup.VersionLoggerListener.log Command line argument: --add-opens=java.base/java.util.concurrent=ALL-UNNAMED
18-Sep-2025 17:57:38.416 INFO [main] org.apache.catalina.startup.VersionLoggerListener.log Command line argument: --add-opens=java.rmi/sun.rmi.transport=ALL-UNNAMED
18-Sep-2025 17:57:38.416 INFO [main] org.apache.catalina.startup.VersionLoggerListener.log Command line argument: -Dcatalina.base=D:\Java\tomcat
18-Sep-2025 17:57:38.416 INFO [main] org.apache.catalina.startup.VersionLoggerListener.log Command line argument: -Dcatalina.home=D:\Java\tomcat
18-Sep-2025 17:57:38.416 INFO [main] org.apache.catalina.startup.VersionLoggerListener.log Command line argument: -Djava.io.tmpdir=D:\Java\tomcat\temp
18-Sep-2025 17:57:38.426 INFO [main] org.apache.catalina.core.AprLifecycleListener.lifecycleEvent The Apache Tomcat Native library which allows using OpenSSL was not found on the java.library.path: [D:\Java\jdk-23.0.1\bin;C:\Windows\Sun\Java\bin;C:\Windows\system32;C:\Windows;C:\Program Files (x86)\Common Files\Oracle\Java\java8path;C:\Program Files (x86)\Common Files\Oracle\Java\javapath;D:\Java\jdk-23.0.1\bin;C:\Program Files\Java\jdk-22\bin;D:\Network\dbhomeXE\bin;C:\Windows\system32;C:\Windows;C:\Windows\System32\Wbem;C:\Windows\System32\WindowsPowerShell\v1.0\;C:\Windows\System32\OpenSSH\;C:\Program Files\dotnet\;C:\Program Files\Git\cmd;D:\mingw64\bin;C:\Users\Ashraf Mahmud\AppData\Local\Programs\Python\Python311;C:\Windows\Microsoft.NET\Framework64\v4.0.30319;C:\Program Files\Microsoft SQL Server\150\Tools\Binn\;C:\Program Files\Microsoft SQL Server\Client SDK\ODBC\170\Tools\Binn\;C:\Program Files\MySQL\MySQL Server 8.0\bin;C:\Program Files\CodeBlocks\MinGW\bin;D:\php;C:\ProgramData\ComposerSetup\bin;D:\Sqlite3;D:\WezTerm;D:\Java\javafx-sdk-23.0.1\lib;D:\CodeEditor\python;D:\CodeEditor\python\condabin;D:\CodeEditor\python\Scripts;D:\Program\apache-maven-3.9.10-bin\apache-maven-3.9.10\bin;;C:\Program Files\Docker\Docker\resources\bin;d:\CodeEditor\cursor\resources\app\bin;C:\ProgramData\chocolatey\bin;C:\Program Files\nodejs\;C:\Users\Ashraf Mahmud\.console-ninja\.bin;C:\Users\Ashraf Mahmud\AppData\Local\Programs\Python\Python313\Scripts\;C:\Users\Ashraf Mahmud\AppData\Local\Programs\Python\Python313\;C:\Users\Ashraf Mahmud\.cargo\bin;C:\Users\Ashraf Mahmud\scoop\shims;C:\Program Files\MySQL\MySQL Shell 8.0\bin\;C:\Users\Ashraf Mahmud\AppData\Local\Programs\Microsoft VS Code\bin;C:\Users\Ashraf Mahmud\AppData\Local\GitHubDesktop\bin;C:\Users\Ashraf Mahmud\AppData\Local\Programs\Python\Python311;C:\Users\Ashraf Mahmud\.dotnet\tools;D:\mingw64\bin;C:\Users\Ashraf Mahmud\.dotnet\tools;G:\Software\IntelliJ IDEA Community Edition 2023.2.2\bin;;C:\Program Files\CodeBlocks\MinGW\bin;G:\Software\PhpStorm 2023.2.2\bin;;D:\xampp\php;C:\Users\Ashraf Mahmud\AppData\Roaming\Composer\vendor\bin;D:\bin;C:\Users\Ashraf Mahmud\AppData\Local\Programs\oh-my-posh\bin;C:\Users\Ashraf Mahmud\bin;D:\CodeEditor\PyCharm Community Edition 2024.3.5\bin;D:\CodeEditor\cursor\resources\app\bin;C:\Users\Ashraf Mahmud\AppData\Roaming\npm;D:\Network;C:\Users\Ashraf Mahmud\.console-ninja\.bin;c:\Users\Ashraf Mahmud\AppData\Roaming\Code\User\globalStorage\github.copilot-chat\debugCommand;.]
18-Sep-2025 17:57:38.669 INFO [main] org.apache.coyote.AbstractProtocol.init Initializing ProtocolHandler ["http-nio-8080"]
18-Sep-2025 17:57:38.685 SEVERE [main] org.apache.catalina.util.LifecycleBase.handleSubClassException Failed to initialize component [Connector["http-nio-8080"]]
	org.apache.catalina.LifecycleException: Protocol handler initialization failed
		at org.apache.catalina.connector.Connector.initInternal(Connector.java:1075)
		at org.apache.catalina.util.LifecycleBase.init(LifecycleBase.java:122)
		at org.apache.catalina.core.StandardService.initInternal(StandardService.java:522)
		at org.apache.catalina.util.LifecycleBase.init(LifecycleBase.java:122)
		at org.apache.catalina.core.StandardServer.initInternal(StandardServer.java:957)
		at org.apache.catalina.util.LifecycleBase.init(LifecycleBase.java:122)
		at org.apache.catalina.startup.Catalina.load(Catalina.java:712)
		at org.apache.catalina.startup.Catalina.load(Catalina.java:735)
		at java.base/jdk.internal.reflect.DirectMethodHandleAccessor.invoke(DirectMethodHandleAccessor.java:103)
		at java.base/java.lang.reflect.Method.invoke(Method.java:580)
		at org.apache.catalina.startup.Bootstrap.load(Bootstrap.java:302)
		at org.apache.catalina.startup.Bootstrap.main(Bootstrap.java:475)
	Caused by: java.net.BindException: Address already in use: bind
		at java.base/sun.nio.ch.Net.bind0(Native Method)
		at java.base/sun.nio.ch.Net.bind(Net.java:565)
		at java.base/sun.nio.ch.ServerSocketChannelImpl.netBind(ServerSocketChannelImpl.java:344)
		at java.base/sun.nio.ch.ServerSocketChannelImpl.bind(ServerSocketChannelImpl.java:301)
		at org.apache.tomcat.util.net.NioEndpoint.initServerSocket(NioEndpoint.java:266)
		at org.apache.tomcat.util.net.NioEndpoint.bind(NioEndpoint.java:221)
		at org.apache.tomcat.util.net.AbstractEndpoint.bindWithCleanup(AbstractEndpoint.java:1401)
		at org.apache.tomcat.util.net.AbstractEndpoint.init(AbstractEndpoint.java:1414)
		at org.apache.coyote.AbstractProtocol.init(AbstractProtocol.java:633)
		at org.apache.coyote.http11.AbstractHttp11Protocol.init(AbstractHttp11Protocol.java:82)
		at org.apache.catalina.connector.Connector.initInternal(Connector.java:1073)
		... 11 more
18-Sep-2025 17:57:38.689 INFO [main] org.apache.catalina.startup.Catalina.load Server initialization in [422] milliseconds
18-Sep-2025 17:57:38.718 INFO [main] org.apache.catalina.core.StandardService.startInternal Starting service [Catalina]
18-Sep-2025 17:57:38.718 INFO [main] org.apache.catalina.core.StandardEngine.startInternal Starting Servlet engine: [Apache Tomcat/10.1.46]
18-Sep-2025 17:57:38.718 INFO [main] org.apache.catalina.startup.HostConfig.deployDirectory Deploying web application directory [D:\Java\tomcat\webapps\dbms-project]
18-Sep-2025 17:57:39.192 INFO [main] org.apache.jasper.servlet.TldScanner.scanJars At least one JAR was scanned for TLDs yet contained no TLDs. Enable debug logging for this logger for a complete list of JARs that were scanned but no TLDs were found in them. Skipping unneeded JARs during scanning can improve startup time and JSP compilation time.
18-Sep-2025 17:57:39.234 INFO [main] org.apache.catalina.startup.HostConfig.deployDirectory Deployment of web application directory [D:\Java\tomcat\webapps\dbms-project] has finished in [516] ms
18-Sep-2025 17:57:39.234 INFO [main] org.apache.catalina.startup.HostConfig.deployDirectory Deploying web application directory [D:\Java\tomcat\webapps\docs]
18-Sep-2025 17:57:39.403 INFO [main] org.apache.jasper.servlet.TldScanner.scanJars At least one JAR was scanned for TLDs yet contained no TLDs. Enable debug logging for this logger for a complete list of JARs that were scanned but no TLDs were found in them. Skipping unneeded JARs during scanning can improve startup time and JSP compilation time.
18-Sep-2025 17:57:39.403 INFO [main] org.apache.catalina.startup.HostConfig.deployDirectory Deployment of web application directory [D:\Java\tomcat\webapps\docs] has finished in [169] ms
18-Sep-2025 17:57:39.403 INFO [main] org.apache.catalina.startup.HostConfig.deployDirectory Deploying web application directory [D:\Java\tomcat\webapps\manager]
18-Sep-2025 17:57:39.588 INFO [main] org.apache.jasper.servlet.TldScanner.scanJars At least one JAR was scanned for TLDs yet contained no TLDs. Enable debug logging for this logger for a complete list of JARs that were scanned but no TLDs were found in them. Skipping unneeded JARs during scanning can improve startup time and JSP compilation time.
18-Sep-2025 17:57:39.596 INFO [main] org.apache.catalina.startup.HostConfig.deployDirectory Deployment of web application directory [D:\Java\tomcat\webapps\manager] has finished in [192] ms
18-Sep-2025 17:57:39.596 INFO [main] org.apache.catalina.startup.HostConfig.deployDirectory Deploying web application directory [D:\Java\tomcat\webapps\ROOT]
18-Sep-2025 17:57:39.757 INFO [main] org.apache.jasper.servlet.TldScanner.scanJars At least one JAR was scanned for TLDs yet contained no TLDs. Enable debug logging for this logger for a complete list of JARs that were scanned but no TLDs were found in them. Skipping unneeded JARs during scanning can improve startup time and JSP compilation time.
18-Sep-2025 17:57:39.760 INFO [main] org.apache.catalina.startup.HostConfig.deployDirectory Deployment of web application directory [D:\Java\tomcat\webapps\ROOT] has finished in [164] ms
18-Sep-2025 17:57:39.763 INFO [main] org.apache.catalina.startup.Catalina.start Server startup in [1074] milliseconds
18-Sep-2025 17:58:51.007 SEVERE [main] org.apache.catalina.startup.Catalina.stopServer No shutdown port configured. Shut down server through OS signal. Server not shut down.
18-Sep-2025 17:58:51.779 INFO [main] org.apache.catalina.startup.VersionLoggerListener.log Server version name:   Apache Tomcat/10.1.46
18-Sep-2025 17:58:51.782 INFO [main] org.apache.catalina.startup.VersionLoggerListener.log Server built:          Sep 8 2025 14:26:21 UTC
18-Sep-2025 17:58:51.782 INFO [main] org.apache.catalina.startup.VersionLoggerListener.log Server version number: 10.1.46.0
18-Sep-2025 17:58:51.782 INFO [main] org.apache.catalina.startup.VersionLoggerListener.log OS Name:               Windows 10
18-Sep-2025 17:58:51.782 INFO [main] org.apache.catalina.startup.VersionLoggerListener.log OS Version:            10.0
18-Sep-2025 17:58:51.782 INFO [main] org.apache.catalina.startup.VersionLoggerListener.log Architecture:          amd64
18-Sep-2025 17:58:51.783 INFO [main] org.apache.catalina.startup.VersionLoggerListener.log Java Home:             D:\Java\jdk-23.0.1
18-Sep-2025 17:58:51.783 INFO [main] org.apache.catalina.startup.VersionLoggerListener.log JVM Version:           23.0.1+11-39
18-Sep-2025 17:58:51.783 INFO [main] org.apache.catalina.startup.VersionLoggerListener.log JVM Vendor:            Oracle Corporation
18-Sep-2025 17:58:51.783 INFO [main] org.apache.catalina.startup.VersionLoggerListener.log CATALINA_BASE:         D:\Java\tomcat
18-Sep-2025 17:58:51.783 INFO [main] org.apache.catalina.startup.VersionLoggerListener.log CATALINA_HOME:         D:\Java\tomcat
18-Sep-2025 17:58:51.792 INFO [main] org.apache.catalina.startup.VersionLoggerListener.log Command line argument: -Djava.util.logging.config.file=D:\Java\tomcat\conf\logging.properties
18-Sep-2025 17:58:51.792 INFO [main] org.apache.catalina.startup.VersionLoggerListener.log Command line argument: -Djava.util.logging.manager=org.apache.juli.ClassLoaderLogManager
18-Sep-2025 17:58:51.792 INFO [main] org.apache.catalina.startup.VersionLoggerListener.log Command line argument: -Djdk.tls.ephemeralDHKeySize=2048
18-Sep-2025 17:58:51.792 INFO [main] org.apache.catalina.startup.VersionLoggerListener.log Command line argument: -Djava.protocol.handler.pkgs=org.apache.catalina.webresources
18-Sep-2025 17:58:51.792 INFO [main] org.apache.catalina.startup.VersionLoggerListener.log Command line argument: -Dsun.io.useCanonCaches=false
18-Sep-2025 17:58:51.792 INFO [main] org.apache.catalina.startup.VersionLoggerListener.log Command line argument: --add-opens=java.base/java.lang=ALL-UNNAMED
18-Sep-2025 17:58:51.793 INFO [main] org.apache.catalina.startup.VersionLoggerListener.log Command line argument: --add-opens=java.base/java.lang.reflect=ALL-UNNAMED
18-Sep-2025 17:58:51.793 INFO [main] org.apache.catalina.startup.VersionLoggerListener.log Command line argument: --add-opens=java.base/java.io=ALL-UNNAMED
18-Sep-2025 17:58:51.793 INFO [main] org.apache.catalina.startup.VersionLoggerListener.log Command line argument: --add-opens=java.base/java.util=ALL-UNNAMED
18-Sep-2025 17:58:51.793 INFO [main] org.apache.catalina.startup.VersionLoggerListener.log Command line argument: --add-opens=java.base/java.util.concurrent=ALL-UNNAMED
18-Sep-2025 17:58:51.793 INFO [main] org.apache.catalina.startup.VersionLoggerListener.log Command line argument: --add-opens=java.rmi/sun.rmi.transport=ALL-UNNAMED
18-Sep-2025 17:58:51.793 INFO [main] org.apache.catalina.startup.VersionLoggerListener.log Command line argument: -Dcatalina.base=D:\Java\tomcat
18-Sep-2025 17:58:51.793 INFO [main] org.apache.catalina.startup.VersionLoggerListener.log Command line argument: -Dcatalina.home=D:\Java\tomcat
18-Sep-2025 17:58:51.793 INFO [main] org.apache.catalina.startup.VersionLoggerListener.log Command line argument: -Djava.io.tmpdir=D:\Java\tomcat\temp
18-Sep-2025 17:58:51.805 INFO [main] org.apache.catalina.core.AprLifecycleListener.lifecycleEvent The Apache Tomcat Native library which allows using OpenSSL was not found on the java.library.path: [D:\Java\jdk-23.0.1\bin;C:\Windows\Sun\Java\bin;C:\Windows\system32;C:\Windows;C:\Program Files (x86)\Common Files\Oracle\Java\java8path;C:\Program Files (x86)\Common Files\Oracle\Java\javapath;D:\Java\jdk-23.0.1\bin;C:\Program Files\Java\jdk-22\bin;D:\Network\dbhomeXE\bin;C:\Windows\system32;C:\Windows;C:\Windows\System32\Wbem;C:\Windows\System32\WindowsPowerShell\v1.0\;C:\Windows\System32\OpenSSH\;C:\Program Files\dotnet\;C:\Program Files\Git\cmd;D:\mingw64\bin;C:\Users\Ashraf Mahmud\AppData\Local\Programs\Python\Python311;C:\Windows\Microsoft.NET\Framework64\v4.0.30319;C:\Program Files\Microsoft SQL Server\150\Tools\Binn\;C:\Program Files\Microsoft SQL Server\Client SDK\ODBC\170\Tools\Binn\;C:\Program Files\MySQL\MySQL Server 8.0\bin;C:\Program Files\CodeBlocks\MinGW\bin;D:\php;C:\ProgramData\ComposerSetup\bin;D:\Sqlite3;D:\WezTerm;D:\Java\javafx-sdk-23.0.1\lib;D:\CodeEditor\python;D:\CodeEditor\python\condabin;D:\CodeEditor\python\Scripts;D:\Program\apache-maven-3.9.10-bin\apache-maven-3.9.10\bin;;C:\Program Files\Docker\Docker\resources\bin;d:\CodeEditor\cursor\resources\app\bin;C:\ProgramData\chocolatey\bin;C:\Program Files\nodejs\;C:\Users\Ashraf Mahmud\.console-ninja\.bin;C:\Users\Ashraf Mahmud\AppData\Local\Programs\Python\Python313\Scripts\;C:\Users\Ashraf Mahmud\AppData\Local\Programs\Python\Python313\;C:\Users\Ashraf Mahmud\.cargo\bin;C:\Users\Ashraf Mahmud\scoop\shims;C:\Program Files\MySQL\MySQL Shell 8.0\bin\;C:\Users\Ashraf Mahmud\AppData\Local\Programs\Microsoft VS Code\bin;C:\Users\Ashraf Mahmud\AppData\Local\GitHubDesktop\bin;C:\Users\Ashraf Mahmud\AppData\Local\Programs\Python\Python311;C:\Users\Ashraf Mahmud\.dotnet\tools;D:\mingw64\bin;C:\Users\Ashraf Mahmud\.dotnet\tools;G:\Software\IntelliJ IDEA Community Edition 2023.2.2\bin;;C:\Program Files\CodeBlocks\MinGW\bin;G:\Software\PhpStorm 2023.2.2\bin;;D:\xampp\php;C:\Users\Ashraf Mahmud\AppData\Roaming\Composer\vendor\bin;D:\bin;C:\Users\Ashraf Mahmud\AppData\Local\Programs\oh-my-posh\bin;C:\Users\Ashraf Mahmud\bin;D:\CodeEditor\PyCharm Community Edition 2024.3.5\bin;D:\CodeEditor\cursor\resources\app\bin;C:\Users\Ashraf Mahmud\AppData\Roaming\npm;D:\Network;C:\Users\Ashraf Mahmud\.console-ninja\.bin;c:\Users\Ashraf Mahmud\AppData\Roaming\Code\User\globalStorage\github.copilot-chat\debugCommand;.]
18-Sep-2025 17:58:52.045 INFO [main] org.apache.coyote.AbstractProtocol.init Initializing ProtocolHandler ["http-nio-8080"]
18-Sep-2025 17:58:52.056 SEVERE [main] org.apache.catalina.util.LifecycleBase.handleSubClassException Failed to initialize component [Connector["http-nio-8080"]]
	org.apache.catalina.LifecycleException: Protocol handler initialization failed
		at org.apache.catalina.connector.Connector.initInternal(Connector.java:1075)
		at org.apache.catalina.util.LifecycleBase.init(LifecycleBase.java:122)
		at org.apache.catalina.core.StandardService.initInternal(StandardService.java:522)
		at org.apache.catalina.util.LifecycleBase.init(LifecycleBase.java:122)
		at org.apache.catalina.core.StandardServer.initInternal(StandardServer.java:957)
		at org.apache.catalina.util.LifecycleBase.init(LifecycleBase.java:122)
		at org.apache.catalina.startup.Catalina.load(Catalina.java:712)
		at org.apache.catalina.startup.Catalina.load(Catalina.java:735)
		at java.base/jdk.internal.reflect.DirectMethodHandleAccessor.invoke(DirectMethodHandleAccessor.java:103)
		at java.base/java.lang.reflect.Method.invoke(Method.java:580)
		at org.apache.catalina.startup.Bootstrap.load(Bootstrap.java:302)
		at org.apache.catalina.startup.Bootstrap.main(Bootstrap.java:475)
	Caused by: java.net.BindException: Address already in use: bind
		at java.base/sun.nio.ch.Net.bind0(Native Method)
		at java.base/sun.nio.ch.Net.bind(Net.java:565)
		at java.base/sun.nio.ch.ServerSocketChannelImpl.netBind(ServerSocketChannelImpl.java:344)
		at java.base/sun.nio.ch.ServerSocketChannelImpl.bind(ServerSocketChannelImpl.java:301)
		at org.apache.tomcat.util.net.NioEndpoint.initServerSocket(NioEndpoint.java:266)
		at org.apache.tomcat.util.net.NioEndpoint.bind(NioEndpoint.java:221)
		at org.apache.tomcat.util.net.AbstractEndpoint.bindWithCleanup(AbstractEndpoint.java:1401)
		at org.apache.tomcat.util.net.AbstractEndpoint.init(AbstractEndpoint.java:1414)
		at org.apache.coyote.AbstractProtocol.init(AbstractProtocol.java:633)
		at org.apache.coyote.http11.AbstractHttp11Protocol.init(AbstractHttp11Protocol.java:82)
		at org.apache.catalina.connector.Connector.initInternal(Connector.java:1073)
		... 11 more
18-Sep-2025 17:58:52.059 INFO [main] org.apache.catalina.startup.Catalina.load Server initialization in [411] milliseconds
18-Sep-2025 17:58:52.091 INFO [main] org.apache.catalina.core.StandardService.startInternal Starting service [Catalina]
18-Sep-2025 17:58:52.091 INFO [main] org.apache.catalina.core.StandardEngine.startInternal Starting Servlet engine: [Apache Tomcat/10.1.46]
18-Sep-2025 17:58:52.091 INFO [main] org.apache.catalina.startup.HostConfig.deployDirectory Deploying web application directory [D:\Java\tomcat\webapps\dbms-project]
18-Sep-2025 17:58:52.568 INFO [main] org.apache.jasper.servlet.TldScanner.scanJars At least one JAR was scanned for TLDs yet contained no TLDs. Enable debug logging for this logger for a complete list of JARs that were scanned but no TLDs were found in them. Skipping unneeded JARs during scanning can improve startup time and JSP compilation time.
18-Sep-2025 17:58:52.620 INFO [main] org.apache.catalina.startup.HostConfig.deployDirectory Deployment of web application directory [D:\Java\tomcat\webapps\dbms-project] has finished in [528] ms
18-Sep-2025 17:58:52.620 INFO [main] org.apache.catalina.startup.HostConfig.deployDirectory Deploying web application directory [D:\Java\tomcat\webapps\docs]
18-Sep-2025 17:58:52.894 INFO [main] org.apache.jasper.servlet.TldScanner.scanJars At least one JAR was scanned for TLDs yet contained no TLDs. Enable debug logging for this logger for a complete list of JARs that were scanned but no TLDs were found in them. Skipping unneeded JARs during scanning can improve startup time and JSP compilation time.
18-Sep-2025 17:58:52.896 INFO [main] org.apache.catalina.startup.HostConfig.deployDirectory Deployment of web application directory [D:\Java\tomcat\webapps\docs] has finished in [276] ms
18-Sep-2025 17:58:52.896 INFO [main] org.apache.catalina.startup.HostConfig.deployDirectory Deploying web application directory [D:\Java\tomcat\webapps\manager]
18-Sep-2025 17:58:53.074 INFO [main] org.apache.jasper.servlet.TldScanner.scanJars At least one JAR was scanned for TLDs yet contained no TLDs. Enable debug logging for this logger for a complete list of JARs that were scanned but no TLDs were found in them. Skipping unneeded JARs during scanning can improve startup time and JSP compilation time.
18-Sep-2025 17:58:53.074 INFO [main] org.apache.catalina.startup.HostConfig.deployDirectory Deployment of web application directory [D:\Java\tomcat\webapps\manager] has finished in [178] ms
18-Sep-2025 17:58:53.074 INFO [main] org.apache.catalina.startup.HostConfig.deployDirectory Deploying web application directory [D:\Java\tomcat\webapps\ROOT]
18-Sep-2025 17:58:53.245 INFO [main] org.apache.jasper.servlet.TldScanner.scanJars At least one JAR was scanned for TLDs yet contained no TLDs. Enable debug logging for this logger for a complete list of JARs that were scanned but no TLDs were found in them. Skipping unneeded JARs during scanning can improve startup time and JSP compilation time.
18-Sep-2025 17:58:53.261 INFO [main] org.apache.catalina.startup.HostConfig.deployDirectory Deployment of web application directory [D:\Java\tomcat\webapps\ROOT] has finished in [171] ms
18-Sep-2025 17:58:53.263 INFO [main] org.apache.catalina.startup.Catalina.start Server startup in [1205] milliseconds
